<?xml version="1.0" encoding="UTF-8"?>
<kml xmlns="http://www.opengis.net/kml/2.2" xmlns:gx="http://www.google.com/kml/ext/2.2">
  <Document>
    <name>GPS device</name>
    <snippet>Created Mon Feb 15 00:51:00 2021 GMT</snippet>
    <LookAt>
      <gx:TimeSpan>
        <begin>2021-02-10T06:23:56Z</begin>
        <end>2021-02-10T06:27:09Z</end>
      </gx:TimeSpan>
      <longitude>135.739791</longitude>
      <latitude>34.463416</latitude>
      <range>1300.000000</range>
    </LookAt>
    <!-- Normal track style -->
    <Style id="track_n">
      <IconStyle>
        <scale>.5</scale>
        <Icon>
          <href>https://earth.google.com/images/kml-icons/track-directional/track-none.png</href>
        </Icon>
      </IconStyle>
      <LabelStyle>
        <scale>0</scale>
      </LabelStyle>
    </Style>
    <!-- Highlighted track style -->
    <Style id="track_h">
      <IconStyle>
        <scale>1.2</scale>
        <Icon>
          <href>https://earth.google.com/images/kml-icons/track-directional/track-none.png</href>
        </Icon>
      </IconStyle>
    </Style>
    <StyleMap id="track">
      <Pair>
        <key>normal</key>
        <styleUrl>#track_n</styleUrl>
      </Pair>
      <Pair>
        <key>highlight</key>
        <styleUrl>#track_h</styleUrl>
      </Pair>
    </StyleMap>
    <!-- Normal waypoint style -->
    <Style id="waypoint_n">
      <IconStyle>
        <Icon>
          <href>https://maps.google.com/mapfiles/kml/pal4/icon61.png</href>
        </Icon>
      </IconStyle>
    </Style>
    <!-- Highlighted waypoint style -->
    <Style id="waypoint_h">
      <IconStyle>
        <scale>1.2</scale>
        <Icon>
          <href>https://maps.google.com/mapfiles/kml/pal4/icon61.png</href>
        </Icon>
      </IconStyle>
    </Style>
    <StyleMap id="waypoint">
      <Pair>
        <key>normal</key>
        <styleUrl>#waypoint_n</styleUrl>
      </Pair>
      <Pair>
        <key>highlight</key>
        <styleUrl>#waypoint_h</styleUrl>
      </Pair>
    </StyleMap>
    <Style id="lineStyle">
      <LineStyle>
        <color>99ffac59</color>
        <width>6</width>
      </LineStyle>
    </Style>
    <Folder>
      <name>Tracks</name>
      <Folder>
        <snippet/>
        <description>
<![CDATA[<table>
<tr><td><b>Distance</b> 89.8 ft </td></tr>
<tr><td><b>Min Alt</b> 301.181 ft </td></tr>
<tr><td><b>Max Alt</b> 326.772 ft </td></tr>
<tr><td><b>Min Speed</b> 0.0 mph </td></tr>
<tr><td><b>Max Speed</b> 3.0 mph </td></tr>
<tr><td><b>Start Time</b>2021-02-10T06:23:56Z</td></tr>
<tr><td><b>End Time</b>2021-02-10T06:27:09Z</td></tr>
</table>]]>
</description>
        <TimeSpan>
          <begin>2021-02-10T06:23:56Z</begin>
          <end>2021-02-10T06:27:09Z</end>
        </TimeSpan>
        <Folder>
          <name>Points</name>
          <Placemark>
            <name>-0</name>
            <snippet/>
            <description><![CDATA[
<table>
<tr><td>Longitude: 135.739848 </td></tr>
<tr><td>Latitude: 34.463382 </td></tr>
<tr><td>Altitude: 303.806 ft </td></tr>
<tr><td>Speed: 3.0 mph </td></tr>
<tr><td>Heading: 45.5 </td></tr>
<tr><td>Time: 2021-02-10T06:23:56Z </td></tr>
</table>
]]></description>
            <LookAt>
              <longitude>135.739848</longitude>
              <latitude>34.463382</latitude>
              <tilt>66</tilt>
            </LookAt>
            <TimeStamp>
              <when>2021-02-10T06:23:56Z</when>
            </TimeStamp>
            <styleUrl>#track</styleUrl>
            <Point>
              <coordinates>135.739848,34.463382,92.60</coordinates>
            </Point>
          </Placemark>
          <Placemark>
            <name>-1</name>
            <snippet/>
            <description><![CDATA[
<table>
<tr><td>Longitude: 135.739833 </td></tr>
<tr><td>Latitude: 34.463377 </td></tr>
<tr><td>Altitude: 302.493 ft </td></tr>
<tr><td>Speed: 2.6 mph </td></tr>
<tr><td>Heading: 248.0 </td></tr>
<tr><td>Time: 2021-02-10T06:23:57Z </td></tr>
</table>
]]></description>
            <LookAt>
              <longitude>135.739833</longitude>
              <latitude>34.463377</latitude>
              <tilt>66</tilt>
            </LookAt>
            <TimeStamp>
              <when>2021-02-10T06:23:57Z</when>
            </TimeStamp>
            <styleUrl>#track</styleUrl>
            <Point>
              <coordinates>135.739833,34.463377,92.20</coordinates>
            </Point>
          </Placemark>
          <Placemark>
            <name>-2</name>
            <snippet/>
            <description><![CDATA[
<table>
<tr><td>Longitude: 135.739830 </td></tr>
<tr><td>Latitude: 34.463370 </td></tr>
<tr><td>Altitude: 301.181 ft </td></tr>
<tr><td>Speed: 2.5 mph </td></tr>
<tr><td>Heading: 202.4 </td></tr>
<tr><td>Time: 2021-02-10T06:23:58Z </td></tr>
</table>
]]></description>
            <LookAt>
              <longitude>135.739830</longitude>
              <latitude>34.463370</latitude>
              <tilt>66</tilt>
            </LookAt>
            <TimeStamp>
              <when>2021-02-10T06:23:58Z</when>
            </TimeStamp>
            <styleUrl>#track</styleUrl>
            <Point>
              <coordinates>135.739830,34.463370,91.80</coordinates>
            </Point>
          </Placemark>
          <Placemark>
            <name>-3</name>
            <snippet/>
            <description><![CDATA[
<table>
<tr><td>Longitude: 135.739827 </td></tr>
<tr><td>Latitude: 34.463358 </td></tr>
<tr><td>Altitude: 302.822 ft </td></tr>
<tr><td>Speed: 2.5 mph </td></tr>
<tr><td>Heading: 193.3 </td></tr>
<tr><td>Time: 2021-02-10T06:23:59Z </td></tr>
</table>
]]></description>
            <LookAt>
              <longitude>135.739827</longitude>
              <latitude>34.463358</latitude>
              <tilt>66</tilt>
            </LookAt>
            <TimeStamp>
              <when>2021-02-10T06:23:59Z</when>
            </TimeStamp>
            <styleUrl>#track</styleUrl>
            <Point>
              <coordinates>135.739827,34.463358,92.30</coordinates>
            </Point>
          </Placemark>
          <Placemark>
            <name>-4</name>
            <snippet/>
            <description><![CDATA[
<table>
<tr><td>Longitude: 135.739818 </td></tr>
<tr><td>Latitude: 34.463367 </td></tr>
<tr><td>Altitude: 305.446 ft </td></tr>
<tr><td>Speed: 2.3 mph </td></tr>
<tr><td>Heading: 320.5 </td></tr>
<tr><td>Time: 2021-02-10T06:24:00Z </td></tr>
</table>
]]></description>
            <LookAt>
              <longitude>135.739818</longitude>
              <latitude>34.463367</latitude>
              <tilt>66</tilt>
            </LookAt>
            <TimeStamp>
              <when>2021-02-10T06:24:00Z</when>
            </TimeStamp>
            <styleUrl>#track</styleUrl>
            <Point>
              <coordinates>135.739818,34.463367,93.10</coordinates>
            </Point>
          </Placemark>
          <Placemark>
            <name>-5</name>
            <snippet/>
            <description><![CDATA[
<table>
<tr><td>Longitude: 135.739787 </td></tr>
<tr><td>Latitude: 34.463450 </td></tr>
<tr><td>Altitude: 316.929 ft </td></tr>
<tr><td>Speed: 0.5 mph </td></tr>
<tr><td>Heading: 342.6 </td></tr>
<tr><td>Time: 2021-02-10T06:24:01Z </td></tr>
</table>
]]></description>
            <LookAt>
              <longitude>135.739787</longitude>
              <latitude>34.463450</latitude>
              <tilt>66</tilt>
            </LookAt>
            <TimeStamp>
              <when>2021-02-10T06:24:01Z</when>
            </TimeStamp>
            <styleUrl>#track</styleUrl>
            <Point>
              <coordinates>135.739787,34.463450,96.60</coordinates>
            </Point>
          </Placemark>
          <Placemark>
            <name>-6</name>
            <snippet/>
            <description><![CDATA[
<table>
<tr><td>Longitude: 135.739787 </td></tr>
<tr><td>Latitude: 34.463452 </td></tr>
<tr><td>Altitude: 316.601 ft </td></tr>
<tr><td>Speed: 0.2 mph </td></tr>
<tr><td>Heading: 0.0 </td></tr>
<tr><td>Time: 2021-02-10T06:24:02Z </td></tr>
</table>
]]></description>
            <LookAt>
              <longitude>135.739787</longitude>
              <latitude>34.463452</latitude>
              <tilt>66</tilt>
            </LookAt>
            <TimeStamp>
              <when>2021-02-10T06:24:02Z</when>
            </TimeStamp>
            <styleUrl>#track</styleUrl>
            <Point>
              <coordinates>135.739787,34.463452,96.50</coordinates>
            </Point>
          </Placemark>
          <Placemark>
            <name>-7</name>
            <snippet/>
            <description><![CDATA[
<table>
<tr><td>Longitude: 135.739787 </td></tr>
<tr><td>Latitude: 34.463457 </td></tr>
<tr><td>Altitude: 316.929 ft </td></tr>
<tr><td>Speed: 0.3 mph </td></tr>
<tr><td>Heading: 0.0 </td></tr>
<tr><td>Time: 2021-02-10T06:24:03Z </td></tr>
</table>
]]></description>
            <LookAt>
              <longitude>135.739787</longitude>
              <latitude>34.463457</latitude>
              <tilt>66</tilt>
            </LookAt>
            <TimeStamp>
              <when>2021-02-10T06:24:03Z</when>
            </TimeStamp>
            <styleUrl>#track</styleUrl>
            <Point>
              <coordinates>135.739787,34.463457,96.60</coordinates>
            </Point>
          </Placemark>
          <Placemark>
            <name>-8</name>
            <snippet/>
            <description><![CDATA[
<table>
<tr><td>Longitude: 135.739787 </td></tr>
<tr><td>Latitude: 34.463457 </td></tr>
<tr><td>Altitude: 317.257 ft </td></tr>
<tr><td>Speed: 0.3 mph </td></tr>
<tr><td>Heading: 0.0 </td></tr>
<tr><td>Time: 2021-02-10T06:24:04Z </td></tr>
</table>
]]></description>
            <LookAt>
              <longitude>135.739787</longitude>
              <latitude>34.463457</latitude>
              <tilt>66</tilt>
            </LookAt>
            <TimeStamp>
              <when>2021-02-10T06:24:04Z</when>
            </TimeStamp>
            <styleUrl>#track</styleUrl>
            <Point>
              <coordinates>135.739787,34.463457,96.70</coordinates>
            </Point>
          </Placemark>
          <Placemark>
            <name>-9</name>
            <snippet/>
            <description><![CDATA[
<table>
<tr><td>Longitude: 135.739787 </td></tr>
<tr><td>Latitude: 34.463457 </td></tr>
<tr><td>Altitude: 318.241 ft </td></tr>
<tr><td>Speed: 0.1 mph </td></tr>
<tr><td>Heading: 0.0 </td></tr>
<tr><td>Time: 2021-02-10T06:24:05Z </td></tr>
</table>
]]></description>
            <LookAt>
              <longitude>135.739787</longitude>
              <latitude>34.463457</latitude>
              <tilt>66</tilt>
            </LookAt>
            <TimeStamp>
              <when>2021-02-10T06:24:05Z</when>
            </TimeStamp>
            <styleUrl>#track</styleUrl>
            <Point>
              <coordinates>135.739787,34.463457,97.00</coordinates>
            </Point>
          </Placemark>
          <Placemark>
            <name>-10</name>
            <snippet/>
            <description><![CDATA[
<table>
<tr><td>Longitude: 135.739785 </td></tr>
<tr><td>Latitude: 34.463457 </td></tr>
<tr><td>Altitude: 318.241 ft </td></tr>
<tr><td>Speed: 0.0 mph </td></tr>
<tr><td>Heading: 270.0 </td></tr>
<tr><td>Time: 2021-02-10T06:24:06Z </td></tr>
</table>
]]></description>
            <LookAt>
              <longitude>135.739785</longitude>
              <latitude>34.463457</latitude>
              <tilt>66</tilt>
            </LookAt>
            <TimeStamp>
              <when>2021-02-10T06:24:06Z</when>
            </TimeStamp>
            <styleUrl>#track</styleUrl>
            <Point>
              <coordinates>135.739785,34.463457,97.00</coordinates>
            </Point>
          </Placemark>
          <Placemark>
            <name>-11</name>
            <snippet/>
            <description><![CDATA[
<table>
<tr><td>Longitude: 135.739787 </td></tr>
<tr><td>Latitude: 34.463457 </td></tr>
<tr><td>Altitude: 317.913 ft </td></tr>
<tr><td>Speed: 0.3 mph </td></tr>
<tr><td>Heading: 90.0 </td></tr>
<tr><td>Time: 2021-02-10T06:24:07Z </td></tr>
</table>
]]></description>
            <LookAt>
              <longitude>135.739787</longitude>
              <latitude>34.463457</latitude>
              <tilt>66</tilt>
            </LookAt>
            <TimeStamp>
              <when>2021-02-10T06:24:07Z</when>
            </TimeStamp>
            <styleUrl>#track</styleUrl>
            <Point>
              <coordinates>135.739787,34.463457,96.90</coordinates>
            </Point>
          </Placemark>
          <Placemark>
            <name>-12</name>
            <snippet/>
            <description><![CDATA[
<table>
<tr><td>Longitude: 135.739787 </td></tr>
<tr><td>Latitude: 34.463457 </td></tr>
<tr><td>Altitude: 318.570 ft </td></tr>
<tr><td>Speed: 0.0 mph </td></tr>
<tr><td>Heading: 0.0 </td></tr>
<tr><td>Time: 2021-02-10T06:24:08Z </td></tr>
</table>
]]></description>
            <LookAt>
              <longitude>135.739787</longitude>
              <latitude>34.463457</latitude>
              <tilt>66</tilt>
            </LookAt>
            <TimeStamp>
              <when>2021-02-10T06:24:08Z</when>
            </TimeStamp>
            <styleUrl>#track</styleUrl>
            <Point>
              <coordinates>135.739787,34.463457,97.10</coordinates>
            </Point>
          </Placemark>
          <Placemark>
            <name>-13</name>
            <snippet/>
            <description><![CDATA[
<table>
<tr><td>Longitude: 135.739785 </td></tr>
<tr><td>Latitude: 34.463457 </td></tr>
<tr><td>Altitude: 318.570 ft </td></tr>
<tr><td>Speed: 0.0 mph </td></tr>
<tr><td>Heading: 270.0 </td></tr>
<tr><td>Time: 2021-02-10T06:24:09Z </td></tr>
</table>
]]></description>
            <LookAt>
              <longitude>135.739785</longitude>
              <latitude>34.463457</latitude>
              <tilt>66</tilt>
            </LookAt>
            <TimeStamp>
              <when>2021-02-10T06:24:09Z</when>
            </TimeStamp>
            <styleUrl>#track</styleUrl>
            <Point>
              <coordinates>135.739785,34.463457,97.10</coordinates>
            </Point>
          </Placemark>
          <Placemark>
            <name>-14</name>
            <snippet/>
            <description><![CDATA[
<table>
<tr><td>Longitude: 135.739785 </td></tr>
<tr><td>Latitude: 34.463457 </td></tr>
<tr><td>Altitude: 318.570 ft </td></tr>
<tr><td>Speed: 0.1 mph </td></tr>
<tr><td>Heading: 0.0 </td></tr>
<tr><td>Time: 2021-02-10T06:24:10Z </td></tr>
</table>
]]></description>
            <LookAt>
              <longitude>135.739785</longitude>
              <latitude>34.463457</latitude>
              <tilt>66</tilt>
            </LookAt>
            <TimeStamp>
              <when>2021-02-10T06:24:10Z</when>
            </TimeStamp>
            <styleUrl>#track</styleUrl>
            <Point>
              <coordinates>135.739785,34.463457,97.10</coordinates>
            </Point>
          </Placemark>
          <Placemark>
            <name>-15</name>
            <snippet/>
            <description><![CDATA[
<table>
<tr><td>Longitude: 135.739785 </td></tr>
<tr><td>Latitude: 34.463457 </td></tr>
<tr><td>Altitude: 318.898 ft </td></tr>
<tr><td>Speed: 0.1 mph </td></tr>
<tr><td>Heading: 0.0 </td></tr>
<tr><td>Time: 2021-02-10T06:24:11Z </td></tr>
</table>
]]></description>
            <LookAt>
              <longitude>135.739785</longitude>
              <latitude>34.463457</latitude>
              <tilt>66</tilt>
            </LookAt>
            <TimeStamp>
              <when>2021-02-10T06:24:11Z</when>
            </TimeStamp>
            <styleUrl>#track</styleUrl>
            <Point>
              <coordinates>135.739785,34.463457,97.20</coordinates>
            </Point>
          </Placemark>
          <Placemark>
            <name>-16</name>
            <snippet/>
            <description><![CDATA[
<table>
<tr><td>Longitude: 135.739785 </td></tr>
<tr><td>Latitude: 34.463457 </td></tr>
<tr><td>Altitude: 318.898 ft </td></tr>
<tr><td>Speed: 0.1 mph </td></tr>
<tr><td>Heading: 0.0 </td></tr>
<tr><td>Time: 2021-02-10T06:24:12Z </td></tr>
</table>
]]></description>
            <LookAt>
              <longitude>135.739785</longitude>
              <latitude>34.463457</latitude>
              <tilt>66</tilt>
            </LookAt>
            <TimeStamp>
              <when>2021-02-10T06:24:12Z</when>
            </TimeStamp>
            <styleUrl>#track</styleUrl>
            <Point>
              <coordinates>135.739785,34.463457,97.20</coordinates>
            </Point>
          </Placemark>
          <Placemark>
            <name>-17</name>
            <snippet/>
            <description><![CDATA[
<table>
<tr><td>Longitude: 135.739785 </td></tr>
<tr><td>Latitude: 34.463457 </td></tr>
<tr><td>Altitude: 319.226 ft </td></tr>
<tr><td>Speed: 0.2 mph </td></tr>
<tr><td>Heading: 0.0 </td></tr>
<tr><td>Time: 2021-02-10T06:24:13Z </td></tr>
</table>
]]></description>
            <LookAt>
              <longitude>135.739785</longitude>
              <latitude>34.463457</latitude>
              <tilt>66</tilt>
            </LookAt>
            <TimeStamp>
              <when>2021-02-10T06:24:13Z</when>
            </TimeStamp>
            <styleUrl>#track</styleUrl>
            <Point>
              <coordinates>135.739785,34.463457,97.30</coordinates>
            </Point>
          </Placemark>
          <Placemark>
            <name>-18</name>
            <snippet/>
            <description><![CDATA[
<table>
<tr><td>Longitude: 135.739783 </td></tr>
<tr><td>Latitude: 34.463457 </td></tr>
<tr><td>Altitude: 319.226 ft </td></tr>
<tr><td>Speed: 0.2 mph </td></tr>
<tr><td>Heading: 270.0 </td></tr>
<tr><td>Time: 2021-02-10T06:24:14Z </td></tr>
</table>
]]></description>
            <LookAt>
              <longitude>135.739783</longitude>
              <latitude>34.463457</latitude>
              <tilt>66</tilt>
            </LookAt>
            <TimeStamp>
              <when>2021-02-10T06:24:14Z</when>
            </TimeStamp>
            <styleUrl>#track</styleUrl>
            <Point>
              <coordinates>135.739783,34.463457,97.30</coordinates>
            </Point>
          </Placemark>
          <Placemark>
            <name>-19</name>
            <snippet/>
            <description><![CDATA[
<table>
<tr><td>Longitude: 135.739783 </td></tr>
<tr><td>Latitude: 34.463457 </td></tr>
<tr><td>Altitude: 319.554 ft </td></tr>
<tr><td>Speed: 0.1 mph </td></tr>
<tr><td>Heading: 0.0 </td></tr>
<tr><td>Time: 2021-02-10T06:24:15Z </td></tr>
</table>
]]></description>
            <LookAt>
              <longitude>135.739783</longitude>
              <latitude>34.463457</latitude>
              <tilt>66</tilt>
            </LookAt>
            <TimeStamp>
              <when>2021-02-10T06:24:15Z</when>
            </TimeStamp>
            <styleUrl>#track</styleUrl>
            <Point>
              <coordinates>135.739783,34.463457,97.40</coordinates>
            </Point>
          </Placemark>
          <Placemark>
            <name>-20</name>
            <snippet/>
            <description><![CDATA[
<table>
<tr><td>Longitude: 135.739783 </td></tr>
<tr><td>Latitude: 34.463457 </td></tr>
<tr><td>Altitude: 319.554 ft </td></tr>
<tr><td>Speed: 0.0 mph </td></tr>
<tr><td>Heading: 0.0 </td></tr>
<tr><td>Time: 2021-02-10T06:24:16Z </td></tr>
</table>
]]></description>
            <LookAt>
              <longitude>135.739783</longitude>
              <latitude>34.463457</latitude>
              <tilt>66</tilt>
            </LookAt>
            <TimeStamp>
              <when>2021-02-10T06:24:16Z</when>
            </TimeStamp>
            <styleUrl>#track</styleUrl>
            <Point>
              <coordinates>135.739783,34.463457,97.40</coordinates>
            </Point>
          </Placemark>
          <Placemark>
            <name>-21</name>
            <snippet/>
            <description><![CDATA[
<table>
<tr><td>Longitude: 135.739782 </td></tr>
<tr><td>Latitude: 34.463458 </td></tr>
<tr><td>Altitude: 319.554 ft </td></tr>
<tr><td>Speed: 0.2 mph </td></tr>
<tr><td>Heading: 320.5 </td></tr>
<tr><td>Time: 2021-02-10T06:24:17Z </td></tr>
</table>
]]></description>
            <LookAt>
              <longitude>135.739782</longitude>
              <latitude>34.463458</latitude>
              <tilt>66</tilt>
            </LookAt>
            <TimeStamp>
              <when>2021-02-10T06:24:17Z</when>
            </TimeStamp>
            <styleUrl>#track</styleUrl>
            <Point>
              <coordinates>135.739782,34.463458,97.40</coordinates>
            </Point>
          </Placemark>
          <Placemark>
            <name>-22</name>
            <snippet/>
            <description><![CDATA[
<table>
<tr><td>Longitude: 135.739782 </td></tr>
<tr><td>Latitude: 34.463458 </td></tr>
<tr><td>Altitude: 319.554 ft </td></tr>
<tr><td>Speed: 0.2 mph </td></tr>
<tr><td>Heading: 0.0 </td></tr>
<tr><td>Time: 2021-02-10T06:24:18Z </td></tr>
</table>
]]></description>
            <LookAt>
              <longitude>135.739782</longitude>
              <latitude>34.463458</latitude>
              <tilt>66</tilt>
            </LookAt>
            <TimeStamp>
              <when>2021-02-10T06:24:18Z</when>
            </TimeStamp>
            <styleUrl>#track</styleUrl>
            <Point>
              <coordinates>135.739782,34.463458,97.40</coordinates>
            </Point>
          </Placemark>
          <Placemark>
            <name>-23</name>
            <snippet/>
            <description><![CDATA[
<table>
<tr><td>Longitude: 135.739780 </td></tr>
<tr><td>Latitude: 34.463460 </td></tr>
<tr><td>Altitude: 319.882 ft </td></tr>
<tr><td>Speed: 0.4 mph </td></tr>
<tr><td>Heading: 320.5 </td></tr>
<tr><td>Time: 2021-02-10T06:24:19Z </td></tr>
</table>
]]></description>
            <LookAt>
              <longitude>135.739780</longitude>
              <latitude>34.463460</latitude>
              <tilt>66</tilt>
            </LookAt>
            <TimeStamp>
              <when>2021-02-10T06:24:19Z</when>
            </TimeStamp>
            <styleUrl>#track</styleUrl>
            <Point>
              <coordinates>135.739780,34.463460,97.50</coordinates>
            </Point>
          </Placemark>
          <Placemark>
            <name>-24</name>
            <snippet/>
            <description><![CDATA[
<table>
<tr><td>Longitude: 135.739778 </td></tr>
<tr><td>Latitude: 34.463462 </td></tr>
<tr><td>Altitude: 319.882 ft </td></tr>
<tr><td>Speed: 0.0 mph </td></tr>
<tr><td>Heading: 320.5 </td></tr>
<tr><td>Time: 2021-02-10T06:24:20Z </td></tr>
</table>
]]></description>
            <LookAt>
              <longitude>135.739778</longitude>
              <latitude>34.463462</latitude>
              <tilt>66</tilt>
            </LookAt>
            <TimeStamp>
              <when>2021-02-10T06:24:20Z</when>
            </TimeStamp>
            <styleUrl>#track</styleUrl>
            <Point>
              <coordinates>135.739778,34.463462,97.50</coordinates>
            </Point>
          </Placemark>
          <Placemark>
            <name>-25</name>
            <snippet/>
            <description><![CDATA[
<table>
<tr><td>Longitude: 135.739778 </td></tr>
<tr><td>Latitude: 34.463457 </td></tr>
<tr><td>Altitude: 320.210 ft </td></tr>
<tr><td>Speed: 0.0 mph </td></tr>
<tr><td>Heading: 180.0 </td></tr>
<tr><td>Time: 2021-02-10T06:24:21Z </td></tr>
</table>
]]></description>
            <LookAt>
              <longitude>135.739778</longitude>
              <latitude>34.463457</latitude>
              <tilt>66</tilt>
            </LookAt>
            <TimeStamp>
              <when>2021-02-10T06:24:21Z</when>
            </TimeStamp>
            <styleUrl>#track</styleUrl>
            <Point>
              <coordinates>135.739778,34.463457,97.60</coordinates>
            </Point>
          </Placemark>
          <Placemark>
            <name>-26</name>
            <snippet/>
            <description><![CDATA[
<table>
<tr><td>Longitude: 135.739780 </td></tr>
<tr><td>Latitude: 34.463460 </td></tr>
<tr><td>Altitude: 320.210 ft </td></tr>
<tr><td>Speed: 0.0 mph </td></tr>
<tr><td>Heading: 22.4 </td></tr>
<tr><td>Time: 2021-02-10T06:24:22Z </td></tr>
</table>
]]></description>
            <LookAt>
              <longitude>135.739780</longitude>
              <latitude>34.463460</latitude>
              <tilt>66</tilt>
            </LookAt>
            <TimeStamp>
              <when>2021-02-10T06:24:22Z</when>
            </TimeStamp>
            <styleUrl>#track</styleUrl>
            <Point>
              <coordinates>135.739780,34.463460,97.60</coordinates>
            </Point>
          </Placemark>
          <Placemark>
            <name>-27</name>
            <snippet/>
            <description><![CDATA[
<table>
<tr><td>Longitude: 135.739780 </td></tr>
<tr><td>Latitude: 34.463460 </td></tr>
<tr><td>Altitude: 320.210 ft </td></tr>
<tr><td>Speed: 0.0 mph </td></tr>
<tr><td>Heading: 0.0 </td></tr>
<tr><td>Time: 2021-02-10T06:24:23Z </td></tr>
</table>
]]></description>
            <LookAt>
              <longitude>135.739780</longitude>
              <latitude>34.463460</latitude>
              <tilt>66</tilt>
            </LookAt>
            <TimeStamp>
              <when>2021-02-10T06:24:23Z</when>
            </TimeStamp>
            <styleUrl>#track</styleUrl>
            <Point>
              <coordinates>135.739780,34.463460,97.60</coordinates>
            </Point>
          </Placemark>
          <Placemark>
            <name>-28</name>
            <snippet/>
            <description><![CDATA[
<table>
<tr><td>Longitude: 135.739780 </td></tr>
<tr><td>Latitude: 34.463460 </td></tr>
<tr><td>Altitude: 320.210 ft </td></tr>
<tr><td>Speed: 0.0 mph </td></tr>
<tr><td>Heading: 0.0 </td></tr>
<tr><td>Time: 2021-02-10T06:24:24Z </td></tr>
</table>
]]></description>
            <LookAt>
              <longitude>135.739780</longitude>
              <latitude>34.463460</latitude>
              <tilt>66</tilt>
            </LookAt>
            <TimeStamp>
              <when>2021-02-10T06:24:24Z</when>
            </TimeStamp>
            <styleUrl>#track</styleUrl>
            <Point>
              <coordinates>135.739780,34.463460,97.60</coordinates>
            </Point>
          </Placemark>
          <Placemark>
            <name>-29</name>
            <snippet/>
            <description><![CDATA[
<table>
<tr><td>Longitude: 135.739780 </td></tr>
<tr><td>Latitude: 34.463460 </td></tr>
<tr><td>Altitude: 320.210 ft </td></tr>
<tr><td>Speed: 0.0 mph </td></tr>
<tr><td>Heading: 0.0 </td></tr>
<tr><td>Time: 2021-02-10T06:24:25Z </td></tr>
</table>
]]></description>
            <LookAt>
              <longitude>135.739780</longitude>
              <latitude>34.463460</latitude>
              <tilt>66</tilt>
            </LookAt>
            <TimeStamp>
              <when>2021-02-10T06:24:25Z</when>
            </TimeStamp>
            <styleUrl>#track</styleUrl>
            <Point>
              <coordinates>135.739780,34.463460,97.60</coordinates>
            </Point>
          </Placemark>
          <Placemark>
            <name>-30</name>
            <snippet/>
            <description><![CDATA[
<table>
<tr><td>Longitude: 135.739780 </td></tr>
<tr><td>Latitude: 34.463460 </td></tr>
<tr><td>Altitude: 320.210 ft </td></tr>
<tr><td>Speed: 0.0 mph </td></tr>
<tr><td>Heading: 0.0 </td></tr>
<tr><td>Time: 2021-02-10T06:24:26Z </td></tr>
</table>
]]></description>
            <LookAt>
              <longitude>135.739780</longitude>
              <latitude>34.463460</latitude>
              <tilt>66</tilt>
            </LookAt>
            <TimeStamp>
              <when>2021-02-10T06:24:26Z</when>
            </TimeStamp>
            <styleUrl>#track</styleUrl>
            <Point>
              <coordinates>135.739780,34.463460,97.60</coordinates>
            </Point>
          </Placemark>
          <Placemark>
            <name>-31</name>
            <snippet/>
            <description><![CDATA[
<table>
<tr><td>Longitude: 135.739780 </td></tr>
<tr><td>Latitude: 34.463460 </td></tr>
<tr><td>Altitude: 320.210 ft </td></tr>
<tr><td>Speed: 0.0 mph </td></tr>
<tr><td>Heading: 0.0 </td></tr>
<tr><td>Time: 2021-02-10T06:24:27Z </td></tr>
</table>
]]></description>
            <LookAt>
              <longitude>135.739780</longitude>
              <latitude>34.463460</latitude>
              <tilt>66</tilt>
            </LookAt>
            <TimeStamp>
              <when>2021-02-10T06:24:27Z</when>
            </TimeStamp>
            <styleUrl>#track</styleUrl>
            <Point>
              <coordinates>135.739780,34.463460,97.60</coordinates>
            </Point>
          </Placemark>
          <Placemark>
            <name>-32</name>
            <snippet/>
            <description><![CDATA[
<table>
<tr><td>Longitude: 135.739780 </td></tr>
<tr><td>Latitude: 34.463460 </td></tr>
<tr><td>Altitude: 320.210 ft </td></tr>
<tr><td>Speed: 0.0 mph </td></tr>
<tr><td>Heading: 0.0 </td></tr>
<tr><td>Time: 2021-02-10T06:24:28Z </td></tr>
</table>
]]></description>
            <LookAt>
              <longitude>135.739780</longitude>
              <latitude>34.463460</latitude>
              <tilt>66</tilt>
            </LookAt>
            <TimeStamp>
              <when>2021-02-10T06:24:28Z</when>
            </TimeStamp>
            <styleUrl>#track</styleUrl>
            <Point>
              <coordinates>135.739780,34.463460,97.60</coordinates>
            </Point>
          </Placemark>
          <Placemark>
            <name>-33</name>
            <snippet/>
            <description><![CDATA[
<table>
<tr><td>Longitude: 135.739780 </td></tr>
<tr><td>Latitude: 34.463460 </td></tr>
<tr><td>Altitude: 320.210 ft </td></tr>
<tr><td>Speed: 0.0 mph </td></tr>
<tr><td>Heading: 0.0 </td></tr>
<tr><td>Time: 2021-02-10T06:24:29Z </td></tr>
</table>
]]></description>
            <LookAt>
              <longitude>135.739780</longitude>
              <latitude>34.463460</latitude>
              <tilt>66</tilt>
            </LookAt>
            <TimeStamp>
              <when>2021-02-10T06:24:29Z</when>
            </TimeStamp>
            <styleUrl>#track</styleUrl>
            <Point>
              <coordinates>135.739780,34.463460,97.60</coordinates>
            </Point>
          </Placemark>
          <Placemark>
            <name>-34</name>
            <snippet/>
            <description><![CDATA[
<table>
<tr><td>Longitude: 135.739780 </td></tr>
<tr><td>Latitude: 34.463460 </td></tr>
<tr><td>Altitude: 320.210 ft </td></tr>
<tr><td>Speed: 0.0 mph </td></tr>
<tr><td>Heading: 0.0 </td></tr>
<tr><td>Time: 2021-02-10T06:24:30Z </td></tr>
</table>
]]></description>
            <LookAt>
              <longitude>135.739780</longitude>
              <latitude>34.463460</latitude>
              <tilt>66</tilt>
            </LookAt>
            <TimeStamp>
              <when>2021-02-10T06:24:30Z</when>
            </TimeStamp>
            <styleUrl>#track</styleUrl>
            <Point>
              <coordinates>135.739780,34.463460,97.60</coordinates>
            </Point>
          </Placemark>
          <Placemark>
            <name>-35</name>
            <snippet/>
            <description><![CDATA[
<table>
<tr><td>Longitude: 135.739780 </td></tr>
<tr><td>Latitude: 34.463460 </td></tr>
<tr><td>Altitude: 320.210 ft </td></tr>
<tr><td>Speed: 0.0 mph </td></tr>
<tr><td>Heading: 0.0 </td></tr>
<tr><td>Time: 2021-02-10T06:24:31Z </td></tr>
</table>
]]></description>
            <LookAt>
              <longitude>135.739780</longitude>
              <latitude>34.463460</latitude>
              <tilt>66</tilt>
            </LookAt>
            <TimeStamp>
              <when>2021-02-10T06:24:31Z</when>
            </TimeStamp>
            <styleUrl>#track</styleUrl>
            <Point>
              <coordinates>135.739780,34.463460,97.60</coordinates>
            </Point>
          </Placemark>
          <Placemark>
            <name>-36</name>
            <snippet/>
            <description><![CDATA[
<table>
<tr><td>Longitude: 135.739780 </td></tr>
<tr><td>Latitude: 34.463460 </td></tr>
<tr><td>Altitude: 320.210 ft </td></tr>
<tr><td>Speed: 0.0 mph </td></tr>
<tr><td>Heading: 0.0 </td></tr>
<tr><td>Time: 2021-02-10T06:24:32Z </td></tr>
</table>
]]></description>
            <LookAt>
              <longitude>135.739780</longitude>
              <latitude>34.463460</latitude>
              <tilt>66</tilt>
            </LookAt>
            <TimeStamp>
              <when>2021-02-10T06:24:32Z</when>
            </TimeStamp>
            <styleUrl>#track</styleUrl>
            <Point>
              <coordinates>135.739780,34.463460,97.60</coordinates>
            </Point>
          </Placemark>
          <Placemark>
            <name>-37</name>
            <snippet/>
            <description><![CDATA[
<table>
<tr><td>Longitude: 135.739780 </td></tr>
<tr><td>Latitude: 34.463460 </td></tr>
<tr><td>Altitude: 320.210 ft </td></tr>
<tr><td>Speed: 0.0 mph </td></tr>
<tr><td>Heading: 0.0 </td></tr>
<tr><td>Time: 2021-02-10T06:24:33Z </td></tr>
</table>
]]></description>
            <LookAt>
              <longitude>135.739780</longitude>
              <latitude>34.463460</latitude>
              <tilt>66</tilt>
            </LookAt>
            <TimeStamp>
              <when>2021-02-10T06:24:33Z</when>
            </TimeStamp>
            <styleUrl>#track</styleUrl>
            <Point>
              <coordinates>135.739780,34.463460,97.60</coordinates>
            </Point>
          </Placemark>
          <Placemark>
            <name>-38</name>
            <snippet/>
            <description><![CDATA[
<table>
<tr><td>Longitude: 135.739780 </td></tr>
<tr><td>Latitude: 34.463460 </td></tr>
<tr><td>Altitude: 320.210 ft </td></tr>
<tr><td>Speed: 0.0 mph </td></tr>
<tr><td>Heading: 0.0 </td></tr>
<tr><td>Time: 2021-02-10T06:24:34Z </td></tr>
</table>
]]></description>
            <LookAt>
              <longitude>135.739780</longitude>
              <latitude>34.463460</latitude>
              <tilt>66</tilt>
            </LookAt>
            <TimeStamp>
              <when>2021-02-10T06:24:34Z</when>
            </TimeStamp>
            <styleUrl>#track</styleUrl>
            <Point>
              <coordinates>135.739780,34.463460,97.60</coordinates>
            </Point>
          </Placemark>
          <Placemark>
            <name>-39</name>
            <snippet/>
            <description><![CDATA[
<table>
<tr><td>Longitude: 135.739780 </td></tr>
<tr><td>Latitude: 34.463460 </td></tr>
<tr><td>Altitude: 320.210 ft </td></tr>
<tr><td>Speed: 0.0 mph </td></tr>
<tr><td>Heading: 0.0 </td></tr>
<tr><td>Time: 2021-02-10T06:24:35Z </td></tr>
</table>
]]></description>
            <LookAt>
              <longitude>135.739780</longitude>
              <latitude>34.463460</latitude>
              <tilt>66</tilt>
            </LookAt>
            <TimeStamp>
              <when>2021-02-10T06:24:35Z</when>
            </TimeStamp>
            <styleUrl>#track</styleUrl>
            <Point>
              <coordinates>135.739780,34.463460,97.60</coordinates>
            </Point>
          </Placemark>
          <Placemark>
            <name>-40</name>
            <snippet/>
            <description><![CDATA[
<table>
<tr><td>Longitude: 135.739780 </td></tr>
<tr><td>Latitude: 34.463460 </td></tr>
<tr><td>Altitude: 320.210 ft </td></tr>
<tr><td>Speed: 0.0 mph </td></tr>
<tr><td>Heading: 0.0 </td></tr>
<tr><td>Time: 2021-02-10T06:24:36Z </td></tr>
</table>
]]></description>
            <LookAt>
              <longitude>135.739780</longitude>
              <latitude>34.463460</latitude>
              <tilt>66</tilt>
            </LookAt>
            <TimeStamp>
              <when>2021-02-10T06:24:36Z</when>
            </TimeStamp>
            <styleUrl>#track</styleUrl>
            <Point>
              <coordinates>135.739780,34.463460,97.60</coordinates>
            </Point>
          </Placemark>
          <Placemark>
            <name>-41</name>
            <snippet/>
            <description><![CDATA[
<table>
<tr><td>Longitude: 135.739780 </td></tr>
<tr><td>Latitude: 34.463460 </td></tr>
<tr><td>Altitude: 320.210 ft </td></tr>
<tr><td>Speed: 0.0 mph </td></tr>
<tr><td>Heading: 0.0 </td></tr>
<tr><td>Time: 2021-02-10T06:24:37Z </td></tr>
</table>
]]></description>
            <LookAt>
              <longitude>135.739780</longitude>
              <latitude>34.463460</latitude>
              <tilt>66</tilt>
            </LookAt>
            <TimeStamp>
              <when>2021-02-10T06:24:37Z</when>
            </TimeStamp>
            <styleUrl>#track</styleUrl>
            <Point>
              <coordinates>135.739780,34.463460,97.60</coordinates>
            </Point>
          </Placemark>
          <Placemark>
            <name>-42</name>
            <snippet/>
            <description><![CDATA[
<table>
<tr><td>Longitude: 135.739780 </td></tr>
<tr><td>Latitude: 34.463460 </td></tr>
<tr><td>Altitude: 320.210 ft </td></tr>
<tr><td>Speed: 0.0 mph </td></tr>
<tr><td>Heading: 0.0 </td></tr>
<tr><td>Time: 2021-02-10T06:24:38Z </td></tr>
</table>
]]></description>
            <LookAt>
              <longitude>135.739780</longitude>
              <latitude>34.463460</latitude>
              <tilt>66</tilt>
            </LookAt>
            <TimeStamp>
              <when>2021-02-10T06:24:38Z</when>
            </TimeStamp>
            <styleUrl>#track</styleUrl>
            <Point>
              <coordinates>135.739780,34.463460,97.60</coordinates>
            </Point>
          </Placemark>
          <Placemark>
            <name>-43</name>
            <snippet/>
            <description><![CDATA[
<table>
<tr><td>Longitude: 135.739780 </td></tr>
<tr><td>Latitude: 34.463460 </td></tr>
<tr><td>Altitude: 320.210 ft </td></tr>
<tr><td>Speed: 0.0 mph </td></tr>
<tr><td>Heading: 0.0 </td></tr>
<tr><td>Time: 2021-02-10T06:24:39Z </td></tr>
</table>
]]></description>
            <LookAt>
              <longitude>135.739780</longitude>
              <latitude>34.463460</latitude>
              <tilt>66</tilt>
            </LookAt>
            <TimeStamp>
              <when>2021-02-10T06:24:39Z</when>
            </TimeStamp>
            <styleUrl>#track</styleUrl>
            <Point>
              <coordinates>135.739780,34.463460,97.60</coordinates>
            </Point>
          </Placemark>
          <Placemark>
            <name>-44</name>
            <snippet/>
            <description><![CDATA[
<table>
<tr><td>Longitude: 135.739780 </td></tr>
<tr><td>Latitude: 34.463460 </td></tr>
<tr><td>Altitude: 320.210 ft </td></tr>
<tr><td>Speed: 0.0 mph </td></tr>
<tr><td>Heading: 0.0 </td></tr>
<tr><td>Time: 2021-02-10T06:24:40Z </td></tr>
</table>
]]></description>
            <LookAt>
              <longitude>135.739780</longitude>
              <latitude>34.463460</latitude>
              <tilt>66</tilt>
            </LookAt>
            <TimeStamp>
              <when>2021-02-10T06:24:40Z</when>
            </TimeStamp>
            <styleUrl>#track</styleUrl>
            <Point>
              <coordinates>135.739780,34.463460,97.60</coordinates>
            </Point>
          </Placemark>
          <Placemark>
            <name>-45</name>
            <snippet/>
            <description><![CDATA[
<table>
<tr><td>Longitude: 135.739780 </td></tr>
<tr><td>Latitude: 34.463460 </td></tr>
<tr><td>Altitude: 320.210 ft </td></tr>
<tr><td>Speed: 0.0 mph </td></tr>
<tr><td>Heading: 0.0 </td></tr>
<tr><td>Time: 2021-02-10T06:24:41Z </td></tr>
</table>
]]></description>
            <LookAt>
              <longitude>135.739780</longitude>
              <latitude>34.463460</latitude>
              <tilt>66</tilt>
            </LookAt>
            <TimeStamp>
              <when>2021-02-10T06:24:41Z</when>
            </TimeStamp>
            <styleUrl>#track</styleUrl>
            <Point>
              <coordinates>135.739780,34.463460,97.60</coordinates>
            </Point>
          </Placemark>
          <Placemark>
            <name>-46</name>
            <snippet/>
            <description><![CDATA[
<table>
<tr><td>Longitude: 135.739780 </td></tr>
<tr><td>Latitude: 34.463460 </td></tr>
<tr><td>Altitude: 320.210 ft </td></tr>
<tr><td>Speed: 0.0 mph </td></tr>
<tr><td>Heading: 0.0 </td></tr>
<tr><td>Time: 2021-02-10T06:24:42Z </td></tr>
</table>
]]></description>
            <LookAt>
              <longitude>135.739780</longitude>
              <latitude>34.463460</latitude>
              <tilt>66</tilt>
            </LookAt>
            <TimeStamp>
              <when>2021-02-10T06:24:42Z</when>
            </TimeStamp>
            <styleUrl>#track</styleUrl>
            <Point>
              <coordinates>135.739780,34.463460,97.60</coordinates>
            </Point>
          </Placemark>
          <Placemark>
            <name>-47</name>
            <snippet/>
            <description><![CDATA[
<table>
<tr><td>Longitude: 135.739780 </td></tr>
<tr><td>Latitude: 34.463460 </td></tr>
<tr><td>Altitude: 320.210 ft </td></tr>
<tr><td>Speed: 0.0 mph </td></tr>
<tr><td>Heading: 0.0 </td></tr>
<tr><td>Time: 2021-02-10T06:24:43Z </td></tr>
</table>
]]></description>
            <LookAt>
              <longitude>135.739780</longitude>
              <latitude>34.463460</latitude>
              <tilt>66</tilt>
            </LookAt>
            <TimeStamp>
              <when>2021-02-10T06:24:43Z</when>
            </TimeStamp>
            <styleUrl>#track</styleUrl>
            <Point>
              <coordinates>135.739780,34.463460,97.60</coordinates>
            </Point>
          </Placemark>
          <Placemark>
            <name>-48</name>
            <snippet/>
            <description><![CDATA[
<table>
<tr><td>Longitude: 135.739780 </td></tr>
<tr><td>Latitude: 34.463460 </td></tr>
<tr><td>Altitude: 320.210 ft </td></tr>
<tr><td>Speed: 0.0 mph </td></tr>
<tr><td>Heading: 0.0 </td></tr>
<tr><td>Time: 2021-02-10T06:24:44Z </td></tr>
</table>
]]></description>
            <LookAt>
              <longitude>135.739780</longitude>
              <latitude>34.463460</latitude>
              <tilt>66</tilt>
            </LookAt>
            <TimeStamp>
              <when>2021-02-10T06:24:44Z</when>
            </TimeStamp>
            <styleUrl>#track</styleUrl>
            <Point>
              <coordinates>135.739780,34.463460,97.60</coordinates>
            </Point>
          </Placemark>
          <Placemark>
            <name>-49</name>
            <snippet/>
            <description><![CDATA[
<table>
<tr><td>Longitude: 135.739780 </td></tr>
<tr><td>Latitude: 34.463460 </td></tr>
<tr><td>Altitude: 320.210 ft </td></tr>
<tr><td>Speed: 0.0 mph </td></tr>
<tr><td>Heading: 0.0 </td></tr>
<tr><td>Time: 2021-02-10T06:24:45Z </td></tr>
</table>
]]></description>
            <LookAt>
              <longitude>135.739780</longitude>
              <latitude>34.463460</latitude>
              <tilt>66</tilt>
            </LookAt>
            <TimeStamp>
              <when>2021-02-10T06:24:45Z</when>
            </TimeStamp>
            <styleUrl>#track</styleUrl>
            <Point>
              <coordinates>135.739780,34.463460,97.60</coordinates>
            </Point>
          </Placemark>
          <Placemark>
            <name>-50</name>
            <snippet/>
            <description><![CDATA[
<table>
<tr><td>Longitude: 135.739780 </td></tr>
<tr><td>Latitude: 34.463460 </td></tr>
<tr><td>Altitude: 320.210 ft </td></tr>
<tr><td>Speed: 0.0 mph </td></tr>
<tr><td>Heading: 0.0 </td></tr>
<tr><td>Time: 2021-02-10T06:24:46Z </td></tr>
</table>
]]></description>
            <LookAt>
              <longitude>135.739780</longitude>
              <latitude>34.463460</latitude>
              <tilt>66</tilt>
            </LookAt>
            <TimeStamp>
              <when>2021-02-10T06:24:46Z</when>
            </TimeStamp>
            <styleUrl>#track</styleUrl>
            <Point>
              <coordinates>135.739780,34.463460,97.60</coordinates>
            </Point>
          </Placemark>
          <Placemark>
            <name>-51</name>
            <snippet/>
            <description><![CDATA[
<table>
<tr><td>Longitude: 135.739780 </td></tr>
<tr><td>Latitude: 34.463460 </td></tr>
<tr><td>Altitude: 320.210 ft </td></tr>
<tr><td>Speed: 0.0 mph </td></tr>
<tr><td>Heading: 0.0 </td></tr>
<tr><td>Time: 2021-02-10T06:24:47Z </td></tr>
</table>
]]></description>
            <LookAt>
              <longitude>135.739780</longitude>
              <latitude>34.463460</latitude>
              <tilt>66</tilt>
            </LookAt>
            <TimeStamp>
              <when>2021-02-10T06:24:47Z</when>
            </TimeStamp>
            <styleUrl>#track</styleUrl>
            <Point>
              <coordinates>135.739780,34.463460,97.60</coordinates>
            </Point>
          </Placemark>
          <Placemark>
            <name>-52</name>
            <snippet/>
            <description><![CDATA[
<table>
<tr><td>Longitude: 135.739780 </td></tr>
<tr><td>Latitude: 34.463460 </td></tr>
<tr><td>Altitude: 320.210 ft </td></tr>
<tr><td>Speed: 0.0 mph </td></tr>
<tr><td>Heading: 0.0 </td></tr>
<tr><td>Time: 2021-02-10T06:24:48Z </td></tr>
</table>
]]></description>
            <LookAt>
              <longitude>135.739780</longitude>
              <latitude>34.463460</latitude>
              <tilt>66</tilt>
            </LookAt>
            <TimeStamp>
              <when>2021-02-10T06:24:48Z</when>
            </TimeStamp>
            <styleUrl>#track</styleUrl>
            <Point>
              <coordinates>135.739780,34.463460,97.60</coordinates>
            </Point>
          </Placemark>
          <Placemark>
            <name>-53</name>
            <snippet/>
            <description><![CDATA[
<table>
<tr><td>Longitude: 135.739780 </td></tr>
<tr><td>Latitude: 34.463460 </td></tr>
<tr><td>Altitude: 320.210 ft </td></tr>
<tr><td>Speed: 0.0 mph </td></tr>
<tr><td>Heading: 0.0 </td></tr>
<tr><td>Time: 2021-02-10T06:24:49Z </td></tr>
</table>
]]></description>
            <LookAt>
              <longitude>135.739780</longitude>
              <latitude>34.463460</latitude>
              <tilt>66</tilt>
            </LookAt>
            <TimeStamp>
              <when>2021-02-10T06:24:49Z</when>
            </TimeStamp>
            <styleUrl>#track</styleUrl>
            <Point>
              <coordinates>135.739780,34.463460,97.60</coordinates>
            </Point>
          </Placemark>
          <Placemark>
            <name>-54</name>
            <snippet/>
            <description><![CDATA[
<table>
<tr><td>Longitude: 135.739780 </td></tr>
<tr><td>Latitude: 34.463460 </td></tr>
<tr><td>Altitude: 320.210 ft </td></tr>
<tr><td>Speed: 0.0 mph </td></tr>
<tr><td>Heading: 0.0 </td></tr>
<tr><td>Time: 2021-02-10T06:24:50Z </td></tr>
</table>
]]></description>
            <LookAt>
              <longitude>135.739780</longitude>
              <latitude>34.463460</latitude>
              <tilt>66</tilt>
            </LookAt>
            <TimeStamp>
              <when>2021-02-10T06:24:50Z</when>
            </TimeStamp>
            <styleUrl>#track</styleUrl>
            <Point>
              <coordinates>135.739780,34.463460,97.60</coordinates>
            </Point>
          </Placemark>
          <Placemark>
            <name>-55</name>
            <snippet/>
            <description><![CDATA[
<table>
<tr><td>Longitude: 135.739780 </td></tr>
<tr><td>Latitude: 34.463460 </td></tr>
<tr><td>Altitude: 320.210 ft </td></tr>
<tr><td>Speed: 0.0 mph </td></tr>
<tr><td>Heading: 0.0 </td></tr>
<tr><td>Time: 2021-02-10T06:24:51Z </td></tr>
</table>
]]></description>
            <LookAt>
              <longitude>135.739780</longitude>
              <latitude>34.463460</latitude>
              <tilt>66</tilt>
            </LookAt>
            <TimeStamp>
              <when>2021-02-10T06:24:51Z</when>
            </TimeStamp>
            <styleUrl>#track</styleUrl>
            <Point>
              <coordinates>135.739780,34.463460,97.60</coordinates>
            </Point>
          </Placemark>
          <Placemark>
            <name>-56</name>
            <snippet/>
            <description><![CDATA[
<table>
<tr><td>Longitude: 135.739780 </td></tr>
<tr><td>Latitude: 34.463460 </td></tr>
<tr><td>Altitude: 320.210 ft </td></tr>
<tr><td>Speed: 0.0 mph </td></tr>
<tr><td>Heading: 0.0 </td></tr>
<tr><td>Time: 2021-02-10T06:24:52Z </td></tr>
</table>
]]></description>
            <LookAt>
              <longitude>135.739780</longitude>
              <latitude>34.463460</latitude>
              <tilt>66</tilt>
            </LookAt>
            <TimeStamp>
              <when>2021-02-10T06:24:52Z</when>
            </TimeStamp>
            <styleUrl>#track</styleUrl>
            <Point>
              <coordinates>135.739780,34.463460,97.60</coordinates>
            </Point>
          </Placemark>
          <Placemark>
            <name>-57</name>
            <snippet/>
            <description><![CDATA[
<table>
<tr><td>Longitude: 135.739780 </td></tr>
<tr><td>Latitude: 34.463460 </td></tr>
<tr><td>Altitude: 320.210 ft </td></tr>
<tr><td>Speed: 0.0 mph </td></tr>
<tr><td>Heading: 0.0 </td></tr>
<tr><td>Time: 2021-02-10T06:24:53Z </td></tr>
</table>
]]></description>
            <LookAt>
              <longitude>135.739780</longitude>
              <latitude>34.463460</latitude>
              <tilt>66</tilt>
            </LookAt>
            <TimeStamp>
              <when>2021-02-10T06:24:53Z</when>
            </TimeStamp>
            <styleUrl>#track</styleUrl>
            <Point>
              <coordinates>135.739780,34.463460,97.60</coordinates>
            </Point>
          </Placemark>
          <Placemark>
            <name>-58</name>
            <snippet/>
            <description><![CDATA[
<table>
<tr><td>Longitude: 135.739780 </td></tr>
<tr><td>Latitude: 34.463460 </td></tr>
<tr><td>Altitude: 320.210 ft </td></tr>
<tr><td>Speed: 0.0 mph </td></tr>
<tr><td>Heading: 0.0 </td></tr>
<tr><td>Time: 2021-02-10T06:24:54Z </td></tr>
</table>
]]></description>
            <LookAt>
              <longitude>135.739780</longitude>
              <latitude>34.463460</latitude>
              <tilt>66</tilt>
            </LookAt>
            <TimeStamp>
              <when>2021-02-10T06:24:54Z</when>
            </TimeStamp>
            <styleUrl>#track</styleUrl>
            <Point>
              <coordinates>135.739780,34.463460,97.60</coordinates>
            </Point>
          </Placemark>
          <Placemark>
            <name>-59</name>
            <snippet/>
            <description><![CDATA[
<table>
<tr><td>Longitude: 135.739780 </td></tr>
<tr><td>Latitude: 34.463460 </td></tr>
<tr><td>Altitude: 320.210 ft </td></tr>
<tr><td>Speed: 0.0 mph </td></tr>
<tr><td>Heading: 0.0 </td></tr>
<tr><td>Time: 2021-02-10T06:24:55Z </td></tr>
</table>
]]></description>
            <LookAt>
              <longitude>135.739780</longitude>
              <latitude>34.463460</latitude>
              <tilt>66</tilt>
            </LookAt>
            <TimeStamp>
              <when>2021-02-10T06:24:55Z</when>
            </TimeStamp>
            <styleUrl>#track</styleUrl>
            <Point>
              <coordinates>135.739780,34.463460,97.60</coordinates>
            </Point>
          </Placemark>
          <Placemark>
            <name>-60</name>
            <snippet/>
            <description><![CDATA[
<table>
<tr><td>Longitude: 135.739780 </td></tr>
<tr><td>Latitude: 34.463460 </td></tr>
<tr><td>Altitude: 320.210 ft </td></tr>
<tr><td>Speed: 0.0 mph </td></tr>
<tr><td>Heading: 0.0 </td></tr>
<tr><td>Time: 2021-02-10T06:24:56Z </td></tr>
</table>
]]></description>
            <LookAt>
              <longitude>135.739780</longitude>
              <latitude>34.463460</latitude>
              <tilt>66</tilt>
            </LookAt>
            <TimeStamp>
              <when>2021-02-10T06:24:56Z</when>
            </TimeStamp>
            <styleUrl>#track</styleUrl>
            <Point>
              <coordinates>135.739780,34.463460,97.60</coordinates>
            </Point>
          </Placemark>
          <Placemark>
            <name>-61</name>
            <snippet/>
            <description><![CDATA[
<table>
<tr><td>Longitude: 135.739780 </td></tr>
<tr><td>Latitude: 34.463460 </td></tr>
<tr><td>Altitude: 320.210 ft </td></tr>
<tr><td>Speed: 0.0 mph </td></tr>
<tr><td>Heading: 0.0 </td></tr>
<tr><td>Time: 2021-02-10T06:24:57Z </td></tr>
</table>
]]></description>
            <LookAt>
              <longitude>135.739780</longitude>
              <latitude>34.463460</latitude>
              <tilt>66</tilt>
            </LookAt>
            <TimeStamp>
              <when>2021-02-10T06:24:57Z</when>
            </TimeStamp>
            <styleUrl>#track</styleUrl>
            <Point>
              <coordinates>135.739780,34.463460,97.60</coordinates>
            </Point>
          </Placemark>
          <Placemark>
            <name>-62</name>
            <snippet/>
            <description><![CDATA[
<table>
<tr><td>Longitude: 135.739780 </td></tr>
<tr><td>Latitude: 34.463460 </td></tr>
<tr><td>Altitude: 320.210 ft </td></tr>
<tr><td>Speed: 0.0 mph </td></tr>
<tr><td>Heading: 0.0 </td></tr>
<tr><td>Time: 2021-02-10T06:24:58Z </td></tr>
</table>
]]></description>
            <LookAt>
              <longitude>135.739780</longitude>
              <latitude>34.463460</latitude>
              <tilt>66</tilt>
            </LookAt>
            <TimeStamp>
              <when>2021-02-10T06:24:58Z</when>
            </TimeStamp>
            <styleUrl>#track</styleUrl>
            <Point>
              <coordinates>135.739780,34.463460,97.60</coordinates>
            </Point>
          </Placemark>
          <Placemark>
            <name>-63</name>
            <snippet/>
            <description><![CDATA[
<table>
<tr><td>Longitude: 135.739780 </td></tr>
<tr><td>Latitude: 34.463460 </td></tr>
<tr><td>Altitude: 320.210 ft </td></tr>
<tr><td>Speed: 0.0 mph </td></tr>
<tr><td>Heading: 0.0 </td></tr>
<tr><td>Time: 2021-02-10T06:24:59Z </td></tr>
</table>
]]></description>
            <LookAt>
              <longitude>135.739780</longitude>
              <latitude>34.463460</latitude>
              <tilt>66</tilt>
            </LookAt>
            <TimeStamp>
              <when>2021-02-10T06:24:59Z</when>
            </TimeStamp>
            <styleUrl>#track</styleUrl>
            <Point>
              <coordinates>135.739780,34.463460,97.60</coordinates>
            </Point>
          </Placemark>
          <Placemark>
            <name>-64</name>
            <snippet/>
            <description><![CDATA[
<table>
<tr><td>Longitude: 135.739780 </td></tr>
<tr><td>Latitude: 34.463460 </td></tr>
<tr><td>Altitude: 320.210 ft </td></tr>
<tr><td>Speed: 0.0 mph </td></tr>
<tr><td>Heading: 0.0 </td></tr>
<tr><td>Time: 2021-02-10T06:25:00Z </td></tr>
</table>
]]></description>
            <LookAt>
              <longitude>135.739780</longitude>
              <latitude>34.463460</latitude>
              <tilt>66</tilt>
            </LookAt>
            <TimeStamp>
              <when>2021-02-10T06:25:00Z</when>
            </TimeStamp>
            <styleUrl>#track</styleUrl>
            <Point>
              <coordinates>135.739780,34.463460,97.60</coordinates>
            </Point>
          </Placemark>
          <Placemark>
            <name>-65</name>
            <snippet/>
            <description><![CDATA[
<table>
<tr><td>Longitude: 135.739780 </td></tr>
<tr><td>Latitude: 34.463460 </td></tr>
<tr><td>Altitude: 320.210 ft </td></tr>
<tr><td>Speed: 0.0 mph </td></tr>
<tr><td>Heading: 0.0 </td></tr>
<tr><td>Time: 2021-02-10T06:25:01Z </td></tr>
</table>
]]></description>
            <LookAt>
              <longitude>135.739780</longitude>
              <latitude>34.463460</latitude>
              <tilt>66</tilt>
            </LookAt>
            <TimeStamp>
              <when>2021-02-10T06:25:01Z</when>
            </TimeStamp>
            <styleUrl>#track</styleUrl>
            <Point>
              <coordinates>135.739780,34.463460,97.60</coordinates>
            </Point>
          </Placemark>
          <Placemark>
            <name>-66</name>
            <snippet/>
            <description><![CDATA[
<table>
<tr><td>Longitude: 135.739780 </td></tr>
<tr><td>Latitude: 34.463460 </td></tr>
<tr><td>Altitude: 320.210 ft </td></tr>
<tr><td>Speed: 0.0 mph </td></tr>
<tr><td>Heading: 0.0 </td></tr>
<tr><td>Time: 2021-02-10T06:25:02Z </td></tr>
</table>
]]></description>
            <LookAt>
              <longitude>135.739780</longitude>
              <latitude>34.463460</latitude>
              <tilt>66</tilt>
            </LookAt>
            <TimeStamp>
              <when>2021-02-10T06:25:02Z</when>
            </TimeStamp>
            <styleUrl>#track</styleUrl>
            <Point>
              <coordinates>135.739780,34.463460,97.60</coordinates>
            </Point>
          </Placemark>
          <Placemark>
            <name>-67</name>
            <snippet/>
            <description><![CDATA[
<table>
<tr><td>Longitude: 135.739780 </td></tr>
<tr><td>Latitude: 34.463460 </td></tr>
<tr><td>Altitude: 320.210 ft </td></tr>
<tr><td>Speed: 0.0 mph </td></tr>
<tr><td>Heading: 0.0 </td></tr>
<tr><td>Time: 2021-02-10T06:25:03Z </td></tr>
</table>
]]></description>
            <LookAt>
              <longitude>135.739780</longitude>
              <latitude>34.463460</latitude>
              <tilt>66</tilt>
            </LookAt>
            <TimeStamp>
              <when>2021-02-10T06:25:03Z</when>
            </TimeStamp>
            <styleUrl>#track</styleUrl>
            <Point>
              <coordinates>135.739780,34.463460,97.60</coordinates>
            </Point>
          </Placemark>
          <Placemark>
            <name>-68</name>
            <snippet/>
            <description><![CDATA[
<table>
<tr><td>Longitude: 135.739780 </td></tr>
<tr><td>Latitude: 34.463460 </td></tr>
<tr><td>Altitude: 320.210 ft </td></tr>
<tr><td>Speed: 0.0 mph </td></tr>
<tr><td>Heading: 0.0 </td></tr>
<tr><td>Time: 2021-02-10T06:25:04Z </td></tr>
</table>
]]></description>
            <LookAt>
              <longitude>135.739780</longitude>
              <latitude>34.463460</latitude>
              <tilt>66</tilt>
            </LookAt>
            <TimeStamp>
              <when>2021-02-10T06:25:04Z</when>
            </TimeStamp>
            <styleUrl>#track</styleUrl>
            <Point>
              <coordinates>135.739780,34.463460,97.60</coordinates>
            </Point>
          </Placemark>
          <Placemark>
            <name>-69</name>
            <snippet/>
            <description><![CDATA[
<table>
<tr><td>Longitude: 135.739780 </td></tr>
<tr><td>Latitude: 34.463460 </td></tr>
<tr><td>Altitude: 320.210 ft </td></tr>
<tr><td>Speed: 2.6 mph </td></tr>
<tr><td>Heading: 0.0 </td></tr>
<tr><td>Time: 2021-02-10T06:25:05Z </td></tr>
</table>
]]></description>
            <LookAt>
              <longitude>135.739780</longitude>
              <latitude>34.463460</latitude>
              <tilt>66</tilt>
            </LookAt>
            <TimeStamp>
              <when>2021-02-10T06:25:05Z</when>
            </TimeStamp>
            <styleUrl>#track</styleUrl>
            <Point>
              <coordinates>135.739780,34.463460,97.60</coordinates>
            </Point>
          </Placemark>
          <Placemark>
            <name>-70</name>
            <snippet/>
            <description><![CDATA[
<table>
<tr><td>Longitude: 135.739755 </td></tr>
<tr><td>Latitude: 34.463458 </td></tr>
<tr><td>Altitude: 323.819 ft </td></tr>
<tr><td>Speed: 2.4 mph </td></tr>
<tr><td>Heading: 265.4 </td></tr>
<tr><td>Time: 2021-02-10T06:25:06Z </td></tr>
</table>
]]></description>
            <LookAt>
              <longitude>135.739755</longitude>
              <latitude>34.463458</latitude>
              <tilt>66</tilt>
            </LookAt>
            <TimeStamp>
              <when>2021-02-10T06:25:06Z</when>
            </TimeStamp>
            <styleUrl>#track</styleUrl>
            <Point>
              <coordinates>135.739755,34.463458,98.70</coordinates>
            </Point>
          </Placemark>
          <Placemark>
            <name>-71</name>
            <snippet/>
            <description><![CDATA[
<table>
<tr><td>Longitude: 135.739757 </td></tr>
<tr><td>Latitude: 34.463460 </td></tr>
<tr><td>Altitude: 323.491 ft </td></tr>
<tr><td>Speed: 0.0 mph </td></tr>
<tr><td>Heading: 39.5 </td></tr>
<tr><td>Time: 2021-02-10T06:25:07Z </td></tr>
</table>
]]></description>
            <LookAt>
              <longitude>135.739757</longitude>
              <latitude>34.463460</latitude>
              <tilt>66</tilt>
            </LookAt>
            <TimeStamp>
              <when>2021-02-10T06:25:07Z</when>
            </TimeStamp>
            <styleUrl>#track</styleUrl>
            <Point>
              <coordinates>135.739757,34.463460,98.60</coordinates>
            </Point>
          </Placemark>
          <Placemark>
            <name>-72</name>
            <snippet/>
            <description><![CDATA[
<table>
<tr><td>Longitude: 135.739755 </td></tr>
<tr><td>Latitude: 34.463460 </td></tr>
<tr><td>Altitude: 323.491 ft </td></tr>
<tr><td>Speed: 0.0 mph </td></tr>
<tr><td>Heading: 270.0 </td></tr>
<tr><td>Time: 2021-02-10T06:25:08Z </td></tr>
</table>
]]></description>
            <LookAt>
              <longitude>135.739755</longitude>
              <latitude>34.463460</latitude>
              <tilt>66</tilt>
            </LookAt>
            <TimeStamp>
              <when>2021-02-10T06:25:08Z</when>
            </TimeStamp>
            <styleUrl>#track</styleUrl>
            <Point>
              <coordinates>135.739755,34.463460,98.60</coordinates>
            </Point>
          </Placemark>
          <Placemark>
            <name>-73</name>
            <snippet/>
            <description><![CDATA[
<table>
<tr><td>Longitude: 135.739755 </td></tr>
<tr><td>Latitude: 34.463460 </td></tr>
<tr><td>Altitude: 323.491 ft </td></tr>
<tr><td>Speed: 0.0 mph </td></tr>
<tr><td>Heading: 0.0 </td></tr>
<tr><td>Time: 2021-02-10T06:25:09Z </td></tr>
</table>
]]></description>
            <LookAt>
              <longitude>135.739755</longitude>
              <latitude>34.463460</latitude>
              <tilt>66</tilt>
            </LookAt>
            <TimeStamp>
              <when>2021-02-10T06:25:09Z</when>
            </TimeStamp>
            <styleUrl>#track</styleUrl>
            <Point>
              <coordinates>135.739755,34.463460,98.60</coordinates>
            </Point>
          </Placemark>
          <Placemark>
            <name>-74</name>
            <snippet/>
            <description><![CDATA[
<table>
<tr><td>Longitude: 135.739755 </td></tr>
<tr><td>Latitude: 34.463460 </td></tr>
<tr><td>Altitude: 323.491 ft </td></tr>
<tr><td>Speed: 0.0 mph </td></tr>
<tr><td>Heading: 0.0 </td></tr>
<tr><td>Time: 2021-02-10T06:25:10Z </td></tr>
</table>
]]></description>
            <LookAt>
              <longitude>135.739755</longitude>
              <latitude>34.463460</latitude>
              <tilt>66</tilt>
            </LookAt>
            <TimeStamp>
              <when>2021-02-10T06:25:10Z</when>
            </TimeStamp>
            <styleUrl>#track</styleUrl>
            <Point>
              <coordinates>135.739755,34.463460,98.60</coordinates>
            </Point>
          </Placemark>
          <Placemark>
            <name>-75</name>
            <snippet/>
            <description><![CDATA[
<table>
<tr><td>Longitude: 135.739755 </td></tr>
<tr><td>Latitude: 34.463460 </td></tr>
<tr><td>Altitude: 323.491 ft </td></tr>
<tr><td>Speed: 0.0 mph </td></tr>
<tr><td>Heading: 0.0 </td></tr>
<tr><td>Time: 2021-02-10T06:25:11Z </td></tr>
</table>
]]></description>
            <LookAt>
              <longitude>135.739755</longitude>
              <latitude>34.463460</latitude>
              <tilt>66</tilt>
            </LookAt>
            <TimeStamp>
              <when>2021-02-10T06:25:11Z</when>
            </TimeStamp>
            <styleUrl>#track</styleUrl>
            <Point>
              <coordinates>135.739755,34.463460,98.60</coordinates>
            </Point>
          </Placemark>
          <Placemark>
            <name>-76</name>
            <snippet/>
            <description><![CDATA[
<table>
<tr><td>Longitude: 135.739755 </td></tr>
<tr><td>Latitude: 34.463460 </td></tr>
<tr><td>Altitude: 323.491 ft </td></tr>
<tr><td>Speed: 0.0 mph </td></tr>
<tr><td>Heading: 0.0 </td></tr>
<tr><td>Time: 2021-02-10T06:25:12Z </td></tr>
</table>
]]></description>
            <LookAt>
              <longitude>135.739755</longitude>
              <latitude>34.463460</latitude>
              <tilt>66</tilt>
            </LookAt>
            <TimeStamp>
              <when>2021-02-10T06:25:12Z</when>
            </TimeStamp>
            <styleUrl>#track</styleUrl>
            <Point>
              <coordinates>135.739755,34.463460,98.60</coordinates>
            </Point>
          </Placemark>
          <Placemark>
            <name>-77</name>
            <snippet/>
            <description><![CDATA[
<table>
<tr><td>Longitude: 135.739755 </td></tr>
<tr><td>Latitude: 34.463460 </td></tr>
<tr><td>Altitude: 323.491 ft </td></tr>
<tr><td>Speed: 0.0 mph </td></tr>
<tr><td>Heading: 0.0 </td></tr>
<tr><td>Time: 2021-02-10T06:25:13Z </td></tr>
</table>
]]></description>
            <LookAt>
              <longitude>135.739755</longitude>
              <latitude>34.463460</latitude>
              <tilt>66</tilt>
            </LookAt>
            <TimeStamp>
              <when>2021-02-10T06:25:13Z</when>
            </TimeStamp>
            <styleUrl>#track</styleUrl>
            <Point>
              <coordinates>135.739755,34.463460,98.60</coordinates>
            </Point>
          </Placemark>
          <Placemark>
            <name>-78</name>
            <snippet/>
            <description><![CDATA[
<table>
<tr><td>Longitude: 135.739755 </td></tr>
<tr><td>Latitude: 34.463460 </td></tr>
<tr><td>Altitude: 323.491 ft </td></tr>
<tr><td>Speed: 0.0 mph </td></tr>
<tr><td>Heading: 0.0 </td></tr>
<tr><td>Time: 2021-02-10T06:25:14Z </td></tr>
</table>
]]></description>
            <LookAt>
              <longitude>135.739755</longitude>
              <latitude>34.463460</latitude>
              <tilt>66</tilt>
            </LookAt>
            <TimeStamp>
              <when>2021-02-10T06:25:14Z</when>
            </TimeStamp>
            <styleUrl>#track</styleUrl>
            <Point>
              <coordinates>135.739755,34.463460,98.60</coordinates>
            </Point>
          </Placemark>
          <Placemark>
            <name>-79</name>
            <snippet/>
            <description><![CDATA[
<table>
<tr><td>Longitude: 135.739755 </td></tr>
<tr><td>Latitude: 34.463460 </td></tr>
<tr><td>Altitude: 323.491 ft </td></tr>
<tr><td>Speed: 0.0 mph </td></tr>
<tr><td>Heading: 0.0 </td></tr>
<tr><td>Time: 2021-02-10T06:25:15Z </td></tr>
</table>
]]></description>
            <LookAt>
              <longitude>135.739755</longitude>
              <latitude>34.463460</latitude>
              <tilt>66</tilt>
            </LookAt>
            <TimeStamp>
              <when>2021-02-10T06:25:15Z</when>
            </TimeStamp>
            <styleUrl>#track</styleUrl>
            <Point>
              <coordinates>135.739755,34.463460,98.60</coordinates>
            </Point>
          </Placemark>
          <Placemark>
            <name>-80</name>
            <snippet/>
            <description><![CDATA[
<table>
<tr><td>Longitude: 135.739755 </td></tr>
<tr><td>Latitude: 34.463460 </td></tr>
<tr><td>Altitude: 323.491 ft </td></tr>
<tr><td>Speed: 0.0 mph </td></tr>
<tr><td>Heading: 0.0 </td></tr>
<tr><td>Time: 2021-02-10T06:25:16Z </td></tr>
</table>
]]></description>
            <LookAt>
              <longitude>135.739755</longitude>
              <latitude>34.463460</latitude>
              <tilt>66</tilt>
            </LookAt>
            <TimeStamp>
              <when>2021-02-10T06:25:16Z</when>
            </TimeStamp>
            <styleUrl>#track</styleUrl>
            <Point>
              <coordinates>135.739755,34.463460,98.60</coordinates>
            </Point>
          </Placemark>
          <Placemark>
            <name>-81</name>
            <snippet/>
            <description><![CDATA[
<table>
<tr><td>Longitude: 135.739755 </td></tr>
<tr><td>Latitude: 34.463460 </td></tr>
<tr><td>Altitude: 323.491 ft </td></tr>
<tr><td>Speed: 0.0 mph </td></tr>
<tr><td>Heading: 0.0 </td></tr>
<tr><td>Time: 2021-02-10T06:25:17Z </td></tr>
</table>
]]></description>
            <LookAt>
              <longitude>135.739755</longitude>
              <latitude>34.463460</latitude>
              <tilt>66</tilt>
            </LookAt>
            <TimeStamp>
              <when>2021-02-10T06:25:17Z</when>
            </TimeStamp>
            <styleUrl>#track</styleUrl>
            <Point>
              <coordinates>135.739755,34.463460,98.60</coordinates>
            </Point>
          </Placemark>
          <Placemark>
            <name>-82</name>
            <snippet/>
            <description><![CDATA[
<table>
<tr><td>Longitude: 135.739755 </td></tr>
<tr><td>Latitude: 34.463460 </td></tr>
<tr><td>Altitude: 323.491 ft </td></tr>
<tr><td>Speed: 0.0 mph </td></tr>
<tr><td>Heading: 0.0 </td></tr>
<tr><td>Time: 2021-02-10T06:25:18Z </td></tr>
</table>
]]></description>
            <LookAt>
              <longitude>135.739755</longitude>
              <latitude>34.463460</latitude>
              <tilt>66</tilt>
            </LookAt>
            <TimeStamp>
              <when>2021-02-10T06:25:18Z</when>
            </TimeStamp>
            <styleUrl>#track</styleUrl>
            <Point>
              <coordinates>135.739755,34.463460,98.60</coordinates>
            </Point>
          </Placemark>
          <Placemark>
            <name>-83</name>
            <snippet/>
            <description><![CDATA[
<table>
<tr><td>Longitude: 135.739755 </td></tr>
<tr><td>Latitude: 34.463460 </td></tr>
<tr><td>Altitude: 323.491 ft </td></tr>
<tr><td>Speed: 0.0 mph </td></tr>
<tr><td>Heading: 0.0 </td></tr>
<tr><td>Time: 2021-02-10T06:25:19Z </td></tr>
</table>
]]></description>
            <LookAt>
              <longitude>135.739755</longitude>
              <latitude>34.463460</latitude>
              <tilt>66</tilt>
            </LookAt>
            <TimeStamp>
              <when>2021-02-10T06:25:19Z</when>
            </TimeStamp>
            <styleUrl>#track</styleUrl>
            <Point>
              <coordinates>135.739755,34.463460,98.60</coordinates>
            </Point>
          </Placemark>
          <Placemark>
            <name>-84</name>
            <snippet/>
            <description><![CDATA[
<table>
<tr><td>Longitude: 135.739755 </td></tr>
<tr><td>Latitude: 34.463460 </td></tr>
<tr><td>Altitude: 323.491 ft </td></tr>
<tr><td>Speed: 0.0 mph </td></tr>
<tr><td>Heading: 0.0 </td></tr>
<tr><td>Time: 2021-02-10T06:25:20Z </td></tr>
</table>
]]></description>
            <LookAt>
              <longitude>135.739755</longitude>
              <latitude>34.463460</latitude>
              <tilt>66</tilt>
            </LookAt>
            <TimeStamp>
              <when>2021-02-10T06:25:20Z</when>
            </TimeStamp>
            <styleUrl>#track</styleUrl>
            <Point>
              <coordinates>135.739755,34.463460,98.60</coordinates>
            </Point>
          </Placemark>
          <Placemark>
            <name>-85</name>
            <snippet/>
            <description><![CDATA[
<table>
<tr><td>Longitude: 135.739755 </td></tr>
<tr><td>Latitude: 34.463460 </td></tr>
<tr><td>Altitude: 323.491 ft </td></tr>
<tr><td>Speed: 0.0 mph </td></tr>
<tr><td>Heading: 0.0 </td></tr>
<tr><td>Time: 2021-02-10T06:25:21Z </td></tr>
</table>
]]></description>
            <LookAt>
              <longitude>135.739755</longitude>
              <latitude>34.463460</latitude>
              <tilt>66</tilt>
            </LookAt>
            <TimeStamp>
              <when>2021-02-10T06:25:21Z</when>
            </TimeStamp>
            <styleUrl>#track</styleUrl>
            <Point>
              <coordinates>135.739755,34.463460,98.60</coordinates>
            </Point>
          </Placemark>
          <Placemark>
            <name>-86</name>
            <snippet/>
            <description><![CDATA[
<table>
<tr><td>Longitude: 135.739755 </td></tr>
<tr><td>Latitude: 34.463460 </td></tr>
<tr><td>Altitude: 323.491 ft </td></tr>
<tr><td>Speed: 0.0 mph </td></tr>
<tr><td>Heading: 0.0 </td></tr>
<tr><td>Time: 2021-02-10T06:25:22Z </td></tr>
</table>
]]></description>
            <LookAt>
              <longitude>135.739755</longitude>
              <latitude>34.463460</latitude>
              <tilt>66</tilt>
            </LookAt>
            <TimeStamp>
              <when>2021-02-10T06:25:22Z</when>
            </TimeStamp>
            <styleUrl>#track</styleUrl>
            <Point>
              <coordinates>135.739755,34.463460,98.60</coordinates>
            </Point>
          </Placemark>
          <Placemark>
            <name>-87</name>
            <snippet/>
            <description><![CDATA[
<table>
<tr><td>Longitude: 135.739755 </td></tr>
<tr><td>Latitude: 34.463460 </td></tr>
<tr><td>Altitude: 323.491 ft </td></tr>
<tr><td>Speed: 0.0 mph </td></tr>
<tr><td>Heading: 0.0 </td></tr>
<tr><td>Time: 2021-02-10T06:25:23Z </td></tr>
</table>
]]></description>
            <LookAt>
              <longitude>135.739755</longitude>
              <latitude>34.463460</latitude>
              <tilt>66</tilt>
            </LookAt>
            <TimeStamp>
              <when>2021-02-10T06:25:23Z</when>
            </TimeStamp>
            <styleUrl>#track</styleUrl>
            <Point>
              <coordinates>135.739755,34.463460,98.60</coordinates>
            </Point>
          </Placemark>
          <Placemark>
            <name>-88</name>
            <snippet/>
            <description><![CDATA[
<table>
<tr><td>Longitude: 135.739755 </td></tr>
<tr><td>Latitude: 34.463460 </td></tr>
<tr><td>Altitude: 323.491 ft </td></tr>
<tr><td>Speed: 0.0 mph </td></tr>
<tr><td>Heading: 0.0 </td></tr>
<tr><td>Time: 2021-02-10T06:25:24Z </td></tr>
</table>
]]></description>
            <LookAt>
              <longitude>135.739755</longitude>
              <latitude>34.463460</latitude>
              <tilt>66</tilt>
            </LookAt>
            <TimeStamp>
              <when>2021-02-10T06:25:24Z</when>
            </TimeStamp>
            <styleUrl>#track</styleUrl>
            <Point>
              <coordinates>135.739755,34.463460,98.60</coordinates>
            </Point>
          </Placemark>
          <Placemark>
            <name>-89</name>
            <snippet/>
            <description><![CDATA[
<table>
<tr><td>Longitude: 135.739755 </td></tr>
<tr><td>Latitude: 34.463460 </td></tr>
<tr><td>Altitude: 323.491 ft </td></tr>
<tr><td>Speed: 0.0 mph </td></tr>
<tr><td>Heading: 0.0 </td></tr>
<tr><td>Time: 2021-02-10T06:25:25Z </td></tr>
</table>
]]></description>
            <LookAt>
              <longitude>135.739755</longitude>
              <latitude>34.463460</latitude>
              <tilt>66</tilt>
            </LookAt>
            <TimeStamp>
              <when>2021-02-10T06:25:25Z</when>
            </TimeStamp>
            <styleUrl>#track</styleUrl>
            <Point>
              <coordinates>135.739755,34.463460,98.60</coordinates>
            </Point>
          </Placemark>
          <Placemark>
            <name>-90</name>
            <snippet/>
            <description><![CDATA[
<table>
<tr><td>Longitude: 135.739755 </td></tr>
<tr><td>Latitude: 34.463460 </td></tr>
<tr><td>Altitude: 323.491 ft </td></tr>
<tr><td>Speed: 0.0 mph </td></tr>
<tr><td>Heading: 0.0 </td></tr>
<tr><td>Time: 2021-02-10T06:25:26Z </td></tr>
</table>
]]></description>
            <LookAt>
              <longitude>135.739755</longitude>
              <latitude>34.463460</latitude>
              <tilt>66</tilt>
            </LookAt>
            <TimeStamp>
              <when>2021-02-10T06:25:26Z</when>
            </TimeStamp>
            <styleUrl>#track</styleUrl>
            <Point>
              <coordinates>135.739755,34.463460,98.60</coordinates>
            </Point>
          </Placemark>
          <Placemark>
            <name>-91</name>
            <snippet/>
            <description><![CDATA[
<table>
<tr><td>Longitude: 135.739755 </td></tr>
<tr><td>Latitude: 34.463460 </td></tr>
<tr><td>Altitude: 323.491 ft </td></tr>
<tr><td>Speed: 0.0 mph </td></tr>
<tr><td>Heading: 0.0 </td></tr>
<tr><td>Time: 2021-02-10T06:25:27Z </td></tr>
</table>
]]></description>
            <LookAt>
              <longitude>135.739755</longitude>
              <latitude>34.463460</latitude>
              <tilt>66</tilt>
            </LookAt>
            <TimeStamp>
              <when>2021-02-10T06:25:27Z</when>
            </TimeStamp>
            <styleUrl>#track</styleUrl>
            <Point>
              <coordinates>135.739755,34.463460,98.60</coordinates>
            </Point>
          </Placemark>
          <Placemark>
            <name>-92</name>
            <snippet/>
            <description><![CDATA[
<table>
<tr><td>Longitude: 135.739755 </td></tr>
<tr><td>Latitude: 34.463460 </td></tr>
<tr><td>Altitude: 323.491 ft </td></tr>
<tr><td>Speed: 0.0 mph </td></tr>
<tr><td>Heading: 0.0 </td></tr>
<tr><td>Time: 2021-02-10T06:25:28Z </td></tr>
</table>
]]></description>
            <LookAt>
              <longitude>135.739755</longitude>
              <latitude>34.463460</latitude>
              <tilt>66</tilt>
            </LookAt>
            <TimeStamp>
              <when>2021-02-10T06:25:28Z</when>
            </TimeStamp>
            <styleUrl>#track</styleUrl>
            <Point>
              <coordinates>135.739755,34.463460,98.60</coordinates>
            </Point>
          </Placemark>
          <Placemark>
            <name>-93</name>
            <snippet/>
            <description><![CDATA[
<table>
<tr><td>Longitude: 135.739755 </td></tr>
<tr><td>Latitude: 34.463460 </td></tr>
<tr><td>Altitude: 323.491 ft </td></tr>
<tr><td>Speed: 0.0 mph </td></tr>
<tr><td>Heading: 0.0 </td></tr>
<tr><td>Time: 2021-02-10T06:25:29Z </td></tr>
</table>
]]></description>
            <LookAt>
              <longitude>135.739755</longitude>
              <latitude>34.463460</latitude>
              <tilt>66</tilt>
            </LookAt>
            <TimeStamp>
              <when>2021-02-10T06:25:29Z</when>
            </TimeStamp>
            <styleUrl>#track</styleUrl>
            <Point>
              <coordinates>135.739755,34.463460,98.60</coordinates>
            </Point>
          </Placemark>
          <Placemark>
            <name>-94</name>
            <snippet/>
            <description><![CDATA[
<table>
<tr><td>Longitude: 135.739755 </td></tr>
<tr><td>Latitude: 34.463460 </td></tr>
<tr><td>Altitude: 323.491 ft </td></tr>
<tr><td>Speed: 0.0 mph </td></tr>
<tr><td>Heading: 0.0 </td></tr>
<tr><td>Time: 2021-02-10T06:25:30Z </td></tr>
</table>
]]></description>
            <LookAt>
              <longitude>135.739755</longitude>
              <latitude>34.463460</latitude>
              <tilt>66</tilt>
            </LookAt>
            <TimeStamp>
              <when>2021-02-10T06:25:30Z</when>
            </TimeStamp>
            <styleUrl>#track</styleUrl>
            <Point>
              <coordinates>135.739755,34.463460,98.60</coordinates>
            </Point>
          </Placemark>
          <Placemark>
            <name>-95</name>
            <snippet/>
            <description><![CDATA[
<table>
<tr><td>Longitude: 135.739755 </td></tr>
<tr><td>Latitude: 34.463460 </td></tr>
<tr><td>Altitude: 323.491 ft </td></tr>
<tr><td>Speed: 0.0 mph </td></tr>
<tr><td>Heading: 0.0 </td></tr>
<tr><td>Time: 2021-02-10T06:25:31Z </td></tr>
</table>
]]></description>
            <LookAt>
              <longitude>135.739755</longitude>
              <latitude>34.463460</latitude>
              <tilt>66</tilt>
            </LookAt>
            <TimeStamp>
              <when>2021-02-10T06:25:31Z</when>
            </TimeStamp>
            <styleUrl>#track</styleUrl>
            <Point>
              <coordinates>135.739755,34.463460,98.60</coordinates>
            </Point>
          </Placemark>
          <Placemark>
            <name>-96</name>
            <snippet/>
            <description><![CDATA[
<table>
<tr><td>Longitude: 135.739755 </td></tr>
<tr><td>Latitude: 34.463460 </td></tr>
<tr><td>Altitude: 323.491 ft </td></tr>
<tr><td>Speed: 0.0 mph </td></tr>
<tr><td>Heading: 0.0 </td></tr>
<tr><td>Time: 2021-02-10T06:25:32Z </td></tr>
</table>
]]></description>
            <LookAt>
              <longitude>135.739755</longitude>
              <latitude>34.463460</latitude>
              <tilt>66</tilt>
            </LookAt>
            <TimeStamp>
              <when>2021-02-10T06:25:32Z</when>
            </TimeStamp>
            <styleUrl>#track</styleUrl>
            <Point>
              <coordinates>135.739755,34.463460,98.60</coordinates>
            </Point>
          </Placemark>
          <Placemark>
            <name>-97</name>
            <snippet/>
            <description><![CDATA[
<table>
<tr><td>Longitude: 135.739755 </td></tr>
<tr><td>Latitude: 34.463460 </td></tr>
<tr><td>Altitude: 323.491 ft </td></tr>
<tr><td>Speed: 0.0 mph </td></tr>
<tr><td>Heading: 0.0 </td></tr>
<tr><td>Time: 2021-02-10T06:25:33Z </td></tr>
</table>
]]></description>
            <LookAt>
              <longitude>135.739755</longitude>
              <latitude>34.463460</latitude>
              <tilt>66</tilt>
            </LookAt>
            <TimeStamp>
              <when>2021-02-10T06:25:33Z</when>
            </TimeStamp>
            <styleUrl>#track</styleUrl>
            <Point>
              <coordinates>135.739755,34.463460,98.60</coordinates>
            </Point>
          </Placemark>
          <Placemark>
            <name>-98</name>
            <snippet/>
            <description><![CDATA[
<table>
<tr><td>Longitude: 135.739755 </td></tr>
<tr><td>Latitude: 34.463460 </td></tr>
<tr><td>Altitude: 323.491 ft </td></tr>
<tr><td>Speed: 0.0 mph </td></tr>
<tr><td>Heading: 0.0 </td></tr>
<tr><td>Time: 2021-02-10T06:25:34Z </td></tr>
</table>
]]></description>
            <LookAt>
              <longitude>135.739755</longitude>
              <latitude>34.463460</latitude>
              <tilt>66</tilt>
            </LookAt>
            <TimeStamp>
              <when>2021-02-10T06:25:34Z</when>
            </TimeStamp>
            <styleUrl>#track</styleUrl>
            <Point>
              <coordinates>135.739755,34.463460,98.60</coordinates>
            </Point>
          </Placemark>
          <Placemark>
            <name>-99</name>
            <snippet/>
            <description><![CDATA[
<table>
<tr><td>Longitude: 135.739755 </td></tr>
<tr><td>Latitude: 34.463460 </td></tr>
<tr><td>Altitude: 323.491 ft </td></tr>
<tr><td>Speed: 0.0 mph </td></tr>
<tr><td>Heading: 0.0 </td></tr>
<tr><td>Time: 2021-02-10T06:25:35Z </td></tr>
</table>
]]></description>
            <LookAt>
              <longitude>135.739755</longitude>
              <latitude>34.463460</latitude>
              <tilt>66</tilt>
            </LookAt>
            <TimeStamp>
              <when>2021-02-10T06:25:35Z</when>
            </TimeStamp>
            <styleUrl>#track</styleUrl>
            <Point>
              <coordinates>135.739755,34.463460,98.60</coordinates>
            </Point>
          </Placemark>
          <Placemark>
            <name>-100</name>
            <snippet/>
            <description><![CDATA[
<table>
<tr><td>Longitude: 135.739755 </td></tr>
<tr><td>Latitude: 34.463460 </td></tr>
<tr><td>Altitude: 323.491 ft </td></tr>
<tr><td>Speed: 0.0 mph </td></tr>
<tr><td>Heading: 0.0 </td></tr>
<tr><td>Time: 2021-02-10T06:25:36Z </td></tr>
</table>
]]></description>
            <LookAt>
              <longitude>135.739755</longitude>
              <latitude>34.463460</latitude>
              <tilt>66</tilt>
            </LookAt>
            <TimeStamp>
              <when>2021-02-10T06:25:36Z</when>
            </TimeStamp>
            <styleUrl>#track</styleUrl>
            <Point>
              <coordinates>135.739755,34.463460,98.60</coordinates>
            </Point>
          </Placemark>
          <Placemark>
            <name>-101</name>
            <snippet/>
            <description><![CDATA[
<table>
<tr><td>Longitude: 135.739755 </td></tr>
<tr><td>Latitude: 34.463460 </td></tr>
<tr><td>Altitude: 323.491 ft </td></tr>
<tr><td>Speed: 0.0 mph </td></tr>
<tr><td>Heading: 0.0 </td></tr>
<tr><td>Time: 2021-02-10T06:25:37Z </td></tr>
</table>
]]></description>
            <LookAt>
              <longitude>135.739755</longitude>
              <latitude>34.463460</latitude>
              <tilt>66</tilt>
            </LookAt>
            <TimeStamp>
              <when>2021-02-10T06:25:37Z</when>
            </TimeStamp>
            <styleUrl>#track</styleUrl>
            <Point>
              <coordinates>135.739755,34.463460,98.60</coordinates>
            </Point>
          </Placemark>
          <Placemark>
            <name>-102</name>
            <snippet/>
            <description><![CDATA[
<table>
<tr><td>Longitude: 135.739755 </td></tr>
<tr><td>Latitude: 34.463460 </td></tr>
<tr><td>Altitude: 323.491 ft </td></tr>
<tr><td>Speed: 0.0 mph </td></tr>
<tr><td>Heading: 0.0 </td></tr>
<tr><td>Time: 2021-02-10T06:25:38Z </td></tr>
</table>
]]></description>
            <LookAt>
              <longitude>135.739755</longitude>
              <latitude>34.463460</latitude>
              <tilt>66</tilt>
            </LookAt>
            <TimeStamp>
              <when>2021-02-10T06:25:38Z</when>
            </TimeStamp>
            <styleUrl>#track</styleUrl>
            <Point>
              <coordinates>135.739755,34.463460,98.60</coordinates>
            </Point>
          </Placemark>
          <Placemark>
            <name>-103</name>
            <snippet/>
            <description><![CDATA[
<table>
<tr><td>Longitude: 135.739755 </td></tr>
<tr><td>Latitude: 34.463460 </td></tr>
<tr><td>Altitude: 323.491 ft </td></tr>
<tr><td>Speed: 0.0 mph </td></tr>
<tr><td>Heading: 0.0 </td></tr>
<tr><td>Time: 2021-02-10T06:25:39Z </td></tr>
</table>
]]></description>
            <LookAt>
              <longitude>135.739755</longitude>
              <latitude>34.463460</latitude>
              <tilt>66</tilt>
            </LookAt>
            <TimeStamp>
              <when>2021-02-10T06:25:39Z</when>
            </TimeStamp>
            <styleUrl>#track</styleUrl>
            <Point>
              <coordinates>135.739755,34.463460,98.60</coordinates>
            </Point>
          </Placemark>
          <Placemark>
            <name>-104</name>
            <snippet/>
            <description><![CDATA[
<table>
<tr><td>Longitude: 135.739755 </td></tr>
<tr><td>Latitude: 34.463460 </td></tr>
<tr><td>Altitude: 323.491 ft </td></tr>
<tr><td>Speed: 0.0 mph </td></tr>
<tr><td>Heading: 0.0 </td></tr>
<tr><td>Time: 2021-02-10T06:25:40Z </td></tr>
</table>
]]></description>
            <LookAt>
              <longitude>135.739755</longitude>
              <latitude>34.463460</latitude>
              <tilt>66</tilt>
            </LookAt>
            <TimeStamp>
              <when>2021-02-10T06:25:40Z</when>
            </TimeStamp>
            <styleUrl>#track</styleUrl>
            <Point>
              <coordinates>135.739755,34.463460,98.60</coordinates>
            </Point>
          </Placemark>
          <Placemark>
            <name>-105</name>
            <snippet/>
            <description><![CDATA[
<table>
<tr><td>Longitude: 135.739755 </td></tr>
<tr><td>Latitude: 34.463460 </td></tr>
<tr><td>Altitude: 323.491 ft </td></tr>
<tr><td>Speed: 0.0 mph </td></tr>
<tr><td>Heading: 0.0 </td></tr>
<tr><td>Time: 2021-02-10T06:25:41Z </td></tr>
</table>
]]></description>
            <LookAt>
              <longitude>135.739755</longitude>
              <latitude>34.463460</latitude>
              <tilt>66</tilt>
            </LookAt>
            <TimeStamp>
              <when>2021-02-10T06:25:41Z</when>
            </TimeStamp>
            <styleUrl>#track</styleUrl>
            <Point>
              <coordinates>135.739755,34.463460,98.60</coordinates>
            </Point>
          </Placemark>
          <Placemark>
            <name>-106</name>
            <snippet/>
            <description><![CDATA[
<table>
<tr><td>Longitude: 135.739755 </td></tr>
<tr><td>Latitude: 34.463460 </td></tr>
<tr><td>Altitude: 323.491 ft </td></tr>
<tr><td>Speed: 0.0 mph </td></tr>
<tr><td>Heading: 0.0 </td></tr>
<tr><td>Time: 2021-02-10T06:25:42Z </td></tr>
</table>
]]></description>
            <LookAt>
              <longitude>135.739755</longitude>
              <latitude>34.463460</latitude>
              <tilt>66</tilt>
            </LookAt>
            <TimeStamp>
              <when>2021-02-10T06:25:42Z</when>
            </TimeStamp>
            <styleUrl>#track</styleUrl>
            <Point>
              <coordinates>135.739755,34.463460,98.60</coordinates>
            </Point>
          </Placemark>
          <Placemark>
            <name>-107</name>
            <snippet/>
            <description><![CDATA[
<table>
<tr><td>Longitude: 135.739755 </td></tr>
<tr><td>Latitude: 34.463460 </td></tr>
<tr><td>Altitude: 323.491 ft </td></tr>
<tr><td>Speed: 0.0 mph </td></tr>
<tr><td>Heading: 0.0 </td></tr>
<tr><td>Time: 2021-02-10T06:25:43Z </td></tr>
</table>
]]></description>
            <LookAt>
              <longitude>135.739755</longitude>
              <latitude>34.463460</latitude>
              <tilt>66</tilt>
            </LookAt>
            <TimeStamp>
              <when>2021-02-10T06:25:43Z</when>
            </TimeStamp>
            <styleUrl>#track</styleUrl>
            <Point>
              <coordinates>135.739755,34.463460,98.60</coordinates>
            </Point>
          </Placemark>
          <Placemark>
            <name>-108</name>
            <snippet/>
            <description><![CDATA[
<table>
<tr><td>Longitude: 135.739755 </td></tr>
<tr><td>Latitude: 34.463460 </td></tr>
<tr><td>Altitude: 323.491 ft </td></tr>
<tr><td>Speed: 0.0 mph </td></tr>
<tr><td>Heading: 0.0 </td></tr>
<tr><td>Time: 2021-02-10T06:25:44Z </td></tr>
</table>
]]></description>
            <LookAt>
              <longitude>135.739755</longitude>
              <latitude>34.463460</latitude>
              <tilt>66</tilt>
            </LookAt>
            <TimeStamp>
              <when>2021-02-10T06:25:44Z</when>
            </TimeStamp>
            <styleUrl>#track</styleUrl>
            <Point>
              <coordinates>135.739755,34.463460,98.60</coordinates>
            </Point>
          </Placemark>
          <Placemark>
            <name>-109</name>
            <snippet/>
            <description><![CDATA[
<table>
<tr><td>Longitude: 135.739755 </td></tr>
<tr><td>Latitude: 34.463460 </td></tr>
<tr><td>Altitude: 323.491 ft </td></tr>
<tr><td>Speed: 0.0 mph </td></tr>
<tr><td>Heading: 0.0 </td></tr>
<tr><td>Time: 2021-02-10T06:25:45Z </td></tr>
</table>
]]></description>
            <LookAt>
              <longitude>135.739755</longitude>
              <latitude>34.463460</latitude>
              <tilt>66</tilt>
            </LookAt>
            <TimeStamp>
              <when>2021-02-10T06:25:45Z</when>
            </TimeStamp>
            <styleUrl>#track</styleUrl>
            <Point>
              <coordinates>135.739755,34.463460,98.60</coordinates>
            </Point>
          </Placemark>
          <Placemark>
            <name>-110</name>
            <snippet/>
            <description><![CDATA[
<table>
<tr><td>Longitude: 135.739755 </td></tr>
<tr><td>Latitude: 34.463460 </td></tr>
<tr><td>Altitude: 323.491 ft </td></tr>
<tr><td>Speed: 0.0 mph </td></tr>
<tr><td>Heading: 0.0 </td></tr>
<tr><td>Time: 2021-02-10T06:25:46Z </td></tr>
</table>
]]></description>
            <LookAt>
              <longitude>135.739755</longitude>
              <latitude>34.463460</latitude>
              <tilt>66</tilt>
            </LookAt>
            <TimeStamp>
              <when>2021-02-10T06:25:46Z</when>
            </TimeStamp>
            <styleUrl>#track</styleUrl>
            <Point>
              <coordinates>135.739755,34.463460,98.60</coordinates>
            </Point>
          </Placemark>
          <Placemark>
            <name>-111</name>
            <snippet/>
            <description><![CDATA[
<table>
<tr><td>Longitude: 135.739755 </td></tr>
<tr><td>Latitude: 34.463460 </td></tr>
<tr><td>Altitude: 323.491 ft </td></tr>
<tr><td>Speed: 0.0 mph </td></tr>
<tr><td>Heading: 0.0 </td></tr>
<tr><td>Time: 2021-02-10T06:25:47Z </td></tr>
</table>
]]></description>
            <LookAt>
              <longitude>135.739755</longitude>
              <latitude>34.463460</latitude>
              <tilt>66</tilt>
            </LookAt>
            <TimeStamp>
              <when>2021-02-10T06:25:47Z</when>
            </TimeStamp>
            <styleUrl>#track</styleUrl>
            <Point>
              <coordinates>135.739755,34.463460,98.60</coordinates>
            </Point>
          </Placemark>
          <Placemark>
            <name>-112</name>
            <snippet/>
            <description><![CDATA[
<table>
<tr><td>Longitude: 135.739755 </td></tr>
<tr><td>Latitude: 34.463460 </td></tr>
<tr><td>Altitude: 323.491 ft </td></tr>
<tr><td>Speed: 0.0 mph </td></tr>
<tr><td>Heading: 0.0 </td></tr>
<tr><td>Time: 2021-02-10T06:25:48Z </td></tr>
</table>
]]></description>
            <LookAt>
              <longitude>135.739755</longitude>
              <latitude>34.463460</latitude>
              <tilt>66</tilt>
            </LookAt>
            <TimeStamp>
              <when>2021-02-10T06:25:48Z</when>
            </TimeStamp>
            <styleUrl>#track</styleUrl>
            <Point>
              <coordinates>135.739755,34.463460,98.60</coordinates>
            </Point>
          </Placemark>
          <Placemark>
            <name>-113</name>
            <snippet/>
            <description><![CDATA[
<table>
<tr><td>Longitude: 135.739755 </td></tr>
<tr><td>Latitude: 34.463460 </td></tr>
<tr><td>Altitude: 323.491 ft </td></tr>
<tr><td>Speed: 0.0 mph </td></tr>
<tr><td>Heading: 0.0 </td></tr>
<tr><td>Time: 2021-02-10T06:25:49Z </td></tr>
</table>
]]></description>
            <LookAt>
              <longitude>135.739755</longitude>
              <latitude>34.463460</latitude>
              <tilt>66</tilt>
            </LookAt>
            <TimeStamp>
              <when>2021-02-10T06:25:49Z</when>
            </TimeStamp>
            <styleUrl>#track</styleUrl>
            <Point>
              <coordinates>135.739755,34.463460,98.60</coordinates>
            </Point>
          </Placemark>
          <Placemark>
            <name>-114</name>
            <snippet/>
            <description><![CDATA[
<table>
<tr><td>Longitude: 135.739755 </td></tr>
<tr><td>Latitude: 34.463460 </td></tr>
<tr><td>Altitude: 323.491 ft </td></tr>
<tr><td>Speed: 0.0 mph </td></tr>
<tr><td>Heading: 0.0 </td></tr>
<tr><td>Time: 2021-02-10T06:25:50Z </td></tr>
</table>
]]></description>
            <LookAt>
              <longitude>135.739755</longitude>
              <latitude>34.463460</latitude>
              <tilt>66</tilt>
            </LookAt>
            <TimeStamp>
              <when>2021-02-10T06:25:50Z</when>
            </TimeStamp>
            <styleUrl>#track</styleUrl>
            <Point>
              <coordinates>135.739755,34.463460,98.60</coordinates>
            </Point>
          </Placemark>
          <Placemark>
            <name>-115</name>
            <snippet/>
            <description><![CDATA[
<table>
<tr><td>Longitude: 135.739755 </td></tr>
<tr><td>Latitude: 34.463460 </td></tr>
<tr><td>Altitude: 323.491 ft </td></tr>
<tr><td>Speed: 0.0 mph </td></tr>
<tr><td>Heading: 0.0 </td></tr>
<tr><td>Time: 2021-02-10T06:25:51Z </td></tr>
</table>
]]></description>
            <LookAt>
              <longitude>135.739755</longitude>
              <latitude>34.463460</latitude>
              <tilt>66</tilt>
            </LookAt>
            <TimeStamp>
              <when>2021-02-10T06:25:51Z</when>
            </TimeStamp>
            <styleUrl>#track</styleUrl>
            <Point>
              <coordinates>135.739755,34.463460,98.60</coordinates>
            </Point>
          </Placemark>
          <Placemark>
            <name>-116</name>
            <snippet/>
            <description><![CDATA[
<table>
<tr><td>Longitude: 135.739755 </td></tr>
<tr><td>Latitude: 34.463460 </td></tr>
<tr><td>Altitude: 323.491 ft </td></tr>
<tr><td>Speed: 0.0 mph </td></tr>
<tr><td>Heading: 0.0 </td></tr>
<tr><td>Time: 2021-02-10T06:25:52Z </td></tr>
</table>
]]></description>
            <LookAt>
              <longitude>135.739755</longitude>
              <latitude>34.463460</latitude>
              <tilt>66</tilt>
            </LookAt>
            <TimeStamp>
              <when>2021-02-10T06:25:52Z</when>
            </TimeStamp>
            <styleUrl>#track</styleUrl>
            <Point>
              <coordinates>135.739755,34.463460,98.60</coordinates>
            </Point>
          </Placemark>
          <Placemark>
            <name>-117</name>
            <snippet/>
            <description><![CDATA[
<table>
<tr><td>Longitude: 135.739755 </td></tr>
<tr><td>Latitude: 34.463460 </td></tr>
<tr><td>Altitude: 323.491 ft </td></tr>
<tr><td>Speed: 0.0 mph </td></tr>
<tr><td>Heading: 0.0 </td></tr>
<tr><td>Time: 2021-02-10T06:25:53Z </td></tr>
</table>
]]></description>
            <LookAt>
              <longitude>135.739755</longitude>
              <latitude>34.463460</latitude>
              <tilt>66</tilt>
            </LookAt>
            <TimeStamp>
              <when>2021-02-10T06:25:53Z</when>
            </TimeStamp>
            <styleUrl>#track</styleUrl>
            <Point>
              <coordinates>135.739755,34.463460,98.60</coordinates>
            </Point>
          </Placemark>
          <Placemark>
            <name>-118</name>
            <snippet/>
            <description><![CDATA[
<table>
<tr><td>Longitude: 135.739755 </td></tr>
<tr><td>Latitude: 34.463460 </td></tr>
<tr><td>Altitude: 323.491 ft </td></tr>
<tr><td>Speed: 0.0 mph </td></tr>
<tr><td>Heading: 0.0 </td></tr>
<tr><td>Time: 2021-02-10T06:25:54Z </td></tr>
</table>
]]></description>
            <LookAt>
              <longitude>135.739755</longitude>
              <latitude>34.463460</latitude>
              <tilt>66</tilt>
            </LookAt>
            <TimeStamp>
              <when>2021-02-10T06:25:54Z</when>
            </TimeStamp>
            <styleUrl>#track</styleUrl>
            <Point>
              <coordinates>135.739755,34.463460,98.60</coordinates>
            </Point>
          </Placemark>
          <Placemark>
            <name>-119</name>
            <snippet/>
            <description><![CDATA[
<table>
<tr><td>Longitude: 135.739755 </td></tr>
<tr><td>Latitude: 34.463460 </td></tr>
<tr><td>Altitude: 323.491 ft </td></tr>
<tr><td>Speed: 0.0 mph </td></tr>
<tr><td>Heading: 0.0 </td></tr>
<tr><td>Time: 2021-02-10T06:25:55Z </td></tr>
</table>
]]></description>
            <LookAt>
              <longitude>135.739755</longitude>
              <latitude>34.463460</latitude>
              <tilt>66</tilt>
            </LookAt>
            <TimeStamp>
              <when>2021-02-10T06:25:55Z</when>
            </TimeStamp>
            <styleUrl>#track</styleUrl>
            <Point>
              <coordinates>135.739755,34.463460,98.60</coordinates>
            </Point>
          </Placemark>
          <Placemark>
            <name>-120</name>
            <snippet/>
            <description><![CDATA[
<table>
<tr><td>Longitude: 135.739755 </td></tr>
<tr><td>Latitude: 34.463460 </td></tr>
<tr><td>Altitude: 323.491 ft </td></tr>
<tr><td>Speed: 0.0 mph </td></tr>
<tr><td>Heading: 0.0 </td></tr>
<tr><td>Time: 2021-02-10T06:25:56Z </td></tr>
</table>
]]></description>
            <LookAt>
              <longitude>135.739755</longitude>
              <latitude>34.463460</latitude>
              <tilt>66</tilt>
            </LookAt>
            <TimeStamp>
              <when>2021-02-10T06:25:56Z</when>
            </TimeStamp>
            <styleUrl>#track</styleUrl>
            <Point>
              <coordinates>135.739755,34.463460,98.60</coordinates>
            </Point>
          </Placemark>
          <Placemark>
            <name>-121</name>
            <snippet/>
            <description><![CDATA[
<table>
<tr><td>Longitude: 135.739755 </td></tr>
<tr><td>Latitude: 34.463460 </td></tr>
<tr><td>Altitude: 323.491 ft </td></tr>
<tr><td>Speed: 0.0 mph </td></tr>
<tr><td>Heading: 0.0 </td></tr>
<tr><td>Time: 2021-02-10T06:25:57Z </td></tr>
</table>
]]></description>
            <LookAt>
              <longitude>135.739755</longitude>
              <latitude>34.463460</latitude>
              <tilt>66</tilt>
            </LookAt>
            <TimeStamp>
              <when>2021-02-10T06:25:57Z</when>
            </TimeStamp>
            <styleUrl>#track</styleUrl>
            <Point>
              <coordinates>135.739755,34.463460,98.60</coordinates>
            </Point>
          </Placemark>
          <Placemark>
            <name>-122</name>
            <snippet/>
            <description><![CDATA[
<table>
<tr><td>Longitude: 135.739755 </td></tr>
<tr><td>Latitude: 34.463460 </td></tr>
<tr><td>Altitude: 323.491 ft </td></tr>
<tr><td>Speed: 0.0 mph </td></tr>
<tr><td>Heading: 0.0 </td></tr>
<tr><td>Time: 2021-02-10T06:25:58Z </td></tr>
</table>
]]></description>
            <LookAt>
              <longitude>135.739755</longitude>
              <latitude>34.463460</latitude>
              <tilt>66</tilt>
            </LookAt>
            <TimeStamp>
              <when>2021-02-10T06:25:58Z</when>
            </TimeStamp>
            <styleUrl>#track</styleUrl>
            <Point>
              <coordinates>135.739755,34.463460,98.60</coordinates>
            </Point>
          </Placemark>
          <Placemark>
            <name>-123</name>
            <snippet/>
            <description><![CDATA[
<table>
<tr><td>Longitude: 135.739755 </td></tr>
<tr><td>Latitude: 34.463460 </td></tr>
<tr><td>Altitude: 323.491 ft </td></tr>
<tr><td>Speed: 0.0 mph </td></tr>
<tr><td>Heading: 0.0 </td></tr>
<tr><td>Time: 2021-02-10T06:25:59Z </td></tr>
</table>
]]></description>
            <LookAt>
              <longitude>135.739755</longitude>
              <latitude>34.463460</latitude>
              <tilt>66</tilt>
            </LookAt>
            <TimeStamp>
              <when>2021-02-10T06:25:59Z</when>
            </TimeStamp>
            <styleUrl>#track</styleUrl>
            <Point>
              <coordinates>135.739755,34.463460,98.60</coordinates>
            </Point>
          </Placemark>
          <Placemark>
            <name>-124</name>
            <snippet/>
            <description><![CDATA[
<table>
<tr><td>Longitude: 135.739755 </td></tr>
<tr><td>Latitude: 34.463460 </td></tr>
<tr><td>Altitude: 323.491 ft </td></tr>
<tr><td>Speed: 0.0 mph </td></tr>
<tr><td>Heading: 0.0 </td></tr>
<tr><td>Time: 2021-02-10T06:26:00Z </td></tr>
</table>
]]></description>
            <LookAt>
              <longitude>135.739755</longitude>
              <latitude>34.463460</latitude>
              <tilt>66</tilt>
            </LookAt>
            <TimeStamp>
              <when>2021-02-10T06:26:00Z</when>
            </TimeStamp>
            <styleUrl>#track</styleUrl>
            <Point>
              <coordinates>135.739755,34.463460,98.60</coordinates>
            </Point>
          </Placemark>
          <Placemark>
            <name>-125</name>
            <snippet/>
            <description><![CDATA[
<table>
<tr><td>Longitude: 135.739755 </td></tr>
<tr><td>Latitude: 34.463460 </td></tr>
<tr><td>Altitude: 323.491 ft </td></tr>
<tr><td>Speed: 0.0 mph </td></tr>
<tr><td>Heading: 0.0 </td></tr>
<tr><td>Time: 2021-02-10T06:26:01Z </td></tr>
</table>
]]></description>
            <LookAt>
              <longitude>135.739755</longitude>
              <latitude>34.463460</latitude>
              <tilt>66</tilt>
            </LookAt>
            <TimeStamp>
              <when>2021-02-10T06:26:01Z</when>
            </TimeStamp>
            <styleUrl>#track</styleUrl>
            <Point>
              <coordinates>135.739755,34.463460,98.60</coordinates>
            </Point>
          </Placemark>
          <Placemark>
            <name>-126</name>
            <snippet/>
            <description><![CDATA[
<table>
<tr><td>Longitude: 135.739755 </td></tr>
<tr><td>Latitude: 34.463460 </td></tr>
<tr><td>Altitude: 323.491 ft </td></tr>
<tr><td>Speed: 0.0 mph </td></tr>
<tr><td>Heading: 0.0 </td></tr>
<tr><td>Time: 2021-02-10T06:26:02Z </td></tr>
</table>
]]></description>
            <LookAt>
              <longitude>135.739755</longitude>
              <latitude>34.463460</latitude>
              <tilt>66</tilt>
            </LookAt>
            <TimeStamp>
              <when>2021-02-10T06:26:02Z</when>
            </TimeStamp>
            <styleUrl>#track</styleUrl>
            <Point>
              <coordinates>135.739755,34.463460,98.60</coordinates>
            </Point>
          </Placemark>
          <Placemark>
            <name>-127</name>
            <snippet/>
            <description><![CDATA[
<table>
<tr><td>Longitude: 135.739755 </td></tr>
<tr><td>Latitude: 34.463460 </td></tr>
<tr><td>Altitude: 323.491 ft </td></tr>
<tr><td>Speed: 0.0 mph </td></tr>
<tr><td>Heading: 0.0 </td></tr>
<tr><td>Time: 2021-02-10T06:26:03Z </td></tr>
</table>
]]></description>
            <LookAt>
              <longitude>135.739755</longitude>
              <latitude>34.463460</latitude>
              <tilt>66</tilt>
            </LookAt>
            <TimeStamp>
              <when>2021-02-10T06:26:03Z</when>
            </TimeStamp>
            <styleUrl>#track</styleUrl>
            <Point>
              <coordinates>135.739755,34.463460,98.60</coordinates>
            </Point>
          </Placemark>
          <Placemark>
            <name>-128</name>
            <snippet/>
            <description><![CDATA[
<table>
<tr><td>Longitude: 135.739755 </td></tr>
<tr><td>Latitude: 34.463460 </td></tr>
<tr><td>Altitude: 323.491 ft </td></tr>
<tr><td>Speed: 0.0 mph </td></tr>
<tr><td>Heading: 0.0 </td></tr>
<tr><td>Time: 2021-02-10T06:26:04Z </td></tr>
</table>
]]></description>
            <LookAt>
              <longitude>135.739755</longitude>
              <latitude>34.463460</latitude>
              <tilt>66</tilt>
            </LookAt>
            <TimeStamp>
              <when>2021-02-10T06:26:04Z</when>
            </TimeStamp>
            <styleUrl>#track</styleUrl>
            <Point>
              <coordinates>135.739755,34.463460,98.60</coordinates>
            </Point>
          </Placemark>
          <Placemark>
            <name>-129</name>
            <snippet/>
            <description><![CDATA[
<table>
<tr><td>Longitude: 135.739755 </td></tr>
<tr><td>Latitude: 34.463460 </td></tr>
<tr><td>Altitude: 323.491 ft </td></tr>
<tr><td>Speed: 0.0 mph </td></tr>
<tr><td>Heading: 0.0 </td></tr>
<tr><td>Time: 2021-02-10T06:26:05Z </td></tr>
</table>
]]></description>
            <LookAt>
              <longitude>135.739755</longitude>
              <latitude>34.463460</latitude>
              <tilt>66</tilt>
            </LookAt>
            <TimeStamp>
              <when>2021-02-10T06:26:05Z</when>
            </TimeStamp>
            <styleUrl>#track</styleUrl>
            <Point>
              <coordinates>135.739755,34.463460,98.60</coordinates>
            </Point>
          </Placemark>
          <Placemark>
            <name>-130</name>
            <snippet/>
            <description><![CDATA[
<table>
<tr><td>Longitude: 135.739755 </td></tr>
<tr><td>Latitude: 34.463460 </td></tr>
<tr><td>Altitude: 323.491 ft </td></tr>
<tr><td>Speed: 0.0 mph </td></tr>
<tr><td>Heading: 0.0 </td></tr>
<tr><td>Time: 2021-02-10T06:26:06Z </td></tr>
</table>
]]></description>
            <LookAt>
              <longitude>135.739755</longitude>
              <latitude>34.463460</latitude>
              <tilt>66</tilt>
            </LookAt>
            <TimeStamp>
              <when>2021-02-10T06:26:06Z</when>
            </TimeStamp>
            <styleUrl>#track</styleUrl>
            <Point>
              <coordinates>135.739755,34.463460,98.60</coordinates>
            </Point>
          </Placemark>
          <Placemark>
            <name>-131</name>
            <snippet/>
            <description><![CDATA[
<table>
<tr><td>Longitude: 135.739755 </td></tr>
<tr><td>Latitude: 34.463460 </td></tr>
<tr><td>Altitude: 323.491 ft </td></tr>
<tr><td>Speed: 0.0 mph </td></tr>
<tr><td>Heading: 0.0 </td></tr>
<tr><td>Time: 2021-02-10T06:26:07Z </td></tr>
</table>
]]></description>
            <LookAt>
              <longitude>135.739755</longitude>
              <latitude>34.463460</latitude>
              <tilt>66</tilt>
            </LookAt>
            <TimeStamp>
              <when>2021-02-10T06:26:07Z</when>
            </TimeStamp>
            <styleUrl>#track</styleUrl>
            <Point>
              <coordinates>135.739755,34.463460,98.60</coordinates>
            </Point>
          </Placemark>
          <Placemark>
            <name>-132</name>
            <snippet/>
            <description><![CDATA[
<table>
<tr><td>Longitude: 135.739755 </td></tr>
<tr><td>Latitude: 34.463460 </td></tr>
<tr><td>Altitude: 323.491 ft </td></tr>
<tr><td>Speed: 0.0 mph </td></tr>
<tr><td>Heading: 0.0 </td></tr>
<tr><td>Time: 2021-02-10T06:26:08Z </td></tr>
</table>
]]></description>
            <LookAt>
              <longitude>135.739755</longitude>
              <latitude>34.463460</latitude>
              <tilt>66</tilt>
            </LookAt>
            <TimeStamp>
              <when>2021-02-10T06:26:08Z</when>
            </TimeStamp>
            <styleUrl>#track</styleUrl>
            <Point>
              <coordinates>135.739755,34.463460,98.60</coordinates>
            </Point>
          </Placemark>
          <Placemark>
            <name>-133</name>
            <snippet/>
            <description><![CDATA[
<table>
<tr><td>Longitude: 135.739755 </td></tr>
<tr><td>Latitude: 34.463460 </td></tr>
<tr><td>Altitude: 323.491 ft </td></tr>
<tr><td>Speed: 0.9 mph </td></tr>
<tr><td>Heading: 0.0 </td></tr>
<tr><td>Time: 2021-02-10T06:26:09Z </td></tr>
</table>
]]></description>
            <LookAt>
              <longitude>135.739755</longitude>
              <latitude>34.463460</latitude>
              <tilt>66</tilt>
            </LookAt>
            <TimeStamp>
              <when>2021-02-10T06:26:09Z</when>
            </TimeStamp>
            <styleUrl>#track</styleUrl>
            <Point>
              <coordinates>135.739755,34.463460,98.60</coordinates>
            </Point>
          </Placemark>
          <Placemark>
            <name>-134</name>
            <snippet/>
            <description><![CDATA[
<table>
<tr><td>Longitude: 135.739755 </td></tr>
<tr><td>Latitude: 34.463460 </td></tr>
<tr><td>Altitude: 323.491 ft </td></tr>
<tr><td>Speed: 0.0 mph </td></tr>
<tr><td>Heading: 0.0 </td></tr>
<tr><td>Time: 2021-02-10T06:26:10Z </td></tr>
</table>
]]></description>
            <LookAt>
              <longitude>135.739755</longitude>
              <latitude>34.463460</latitude>
              <tilt>66</tilt>
            </LookAt>
            <TimeStamp>
              <when>2021-02-10T06:26:10Z</when>
            </TimeStamp>
            <styleUrl>#track</styleUrl>
            <Point>
              <coordinates>135.739755,34.463460,98.60</coordinates>
            </Point>
          </Placemark>
          <Placemark>
            <name>-135</name>
            <snippet/>
            <description><![CDATA[
<table>
<tr><td>Longitude: 135.739755 </td></tr>
<tr><td>Latitude: 34.463460 </td></tr>
<tr><td>Altitude: 323.491 ft </td></tr>
<tr><td>Speed: 0.0 mph </td></tr>
<tr><td>Heading: 0.0 </td></tr>
<tr><td>Time: 2021-02-10T06:26:11Z </td></tr>
</table>
]]></description>
            <LookAt>
              <longitude>135.739755</longitude>
              <latitude>34.463460</latitude>
              <tilt>66</tilt>
            </LookAt>
            <TimeStamp>
              <when>2021-02-10T06:26:11Z</when>
            </TimeStamp>
            <styleUrl>#track</styleUrl>
            <Point>
              <coordinates>135.739755,34.463460,98.60</coordinates>
            </Point>
          </Placemark>
          <Placemark>
            <name>-136</name>
            <snippet/>
            <description><![CDATA[
<table>
<tr><td>Longitude: 135.739755 </td></tr>
<tr><td>Latitude: 34.463460 </td></tr>
<tr><td>Altitude: 323.491 ft </td></tr>
<tr><td>Speed: 0.0 mph </td></tr>
<tr><td>Heading: 0.0 </td></tr>
<tr><td>Time: 2021-02-10T06:26:12Z </td></tr>
</table>
]]></description>
            <LookAt>
              <longitude>135.739755</longitude>
              <latitude>34.463460</latitude>
              <tilt>66</tilt>
            </LookAt>
            <TimeStamp>
              <when>2021-02-10T06:26:12Z</when>
            </TimeStamp>
            <styleUrl>#track</styleUrl>
            <Point>
              <coordinates>135.739755,34.463460,98.60</coordinates>
            </Point>
          </Placemark>
          <Placemark>
            <name>-137</name>
            <snippet/>
            <description><![CDATA[
<table>
<tr><td>Longitude: 135.739755 </td></tr>
<tr><td>Latitude: 34.463460 </td></tr>
<tr><td>Altitude: 323.491 ft </td></tr>
<tr><td>Speed: 0.0 mph </td></tr>
<tr><td>Heading: 0.0 </td></tr>
<tr><td>Time: 2021-02-10T06:26:13Z </td></tr>
</table>
]]></description>
            <LookAt>
              <longitude>135.739755</longitude>
              <latitude>34.463460</latitude>
              <tilt>66</tilt>
            </LookAt>
            <TimeStamp>
              <when>2021-02-10T06:26:13Z</when>
            </TimeStamp>
            <styleUrl>#track</styleUrl>
            <Point>
              <coordinates>135.739755,34.463460,98.60</coordinates>
            </Point>
          </Placemark>
          <Placemark>
            <name>-138</name>
            <snippet/>
            <description><![CDATA[
<table>
<tr><td>Longitude: 135.739755 </td></tr>
<tr><td>Latitude: 34.463460 </td></tr>
<tr><td>Altitude: 323.491 ft </td></tr>
<tr><td>Speed: 0.0 mph </td></tr>
<tr><td>Heading: 0.0 </td></tr>
<tr><td>Time: 2021-02-10T06:26:14Z </td></tr>
</table>
]]></description>
            <LookAt>
              <longitude>135.739755</longitude>
              <latitude>34.463460</latitude>
              <tilt>66</tilt>
            </LookAt>
            <TimeStamp>
              <when>2021-02-10T06:26:14Z</when>
            </TimeStamp>
            <styleUrl>#track</styleUrl>
            <Point>
              <coordinates>135.739755,34.463460,98.60</coordinates>
            </Point>
          </Placemark>
          <Placemark>
            <name>-139</name>
            <snippet/>
            <description><![CDATA[
<table>
<tr><td>Longitude: 135.739755 </td></tr>
<tr><td>Latitude: 34.463460 </td></tr>
<tr><td>Altitude: 323.491 ft </td></tr>
<tr><td>Speed: 0.0 mph </td></tr>
<tr><td>Heading: 0.0 </td></tr>
<tr><td>Time: 2021-02-10T06:26:15Z </td></tr>
</table>
]]></description>
            <LookAt>
              <longitude>135.739755</longitude>
              <latitude>34.463460</latitude>
              <tilt>66</tilt>
            </LookAt>
            <TimeStamp>
              <when>2021-02-10T06:26:15Z</when>
            </TimeStamp>
            <styleUrl>#track</styleUrl>
            <Point>
              <coordinates>135.739755,34.463460,98.60</coordinates>
            </Point>
          </Placemark>
          <Placemark>
            <name>-140</name>
            <snippet/>
            <description><![CDATA[
<table>
<tr><td>Longitude: 135.739755 </td></tr>
<tr><td>Latitude: 34.463460 </td></tr>
<tr><td>Altitude: 323.491 ft </td></tr>
<tr><td>Speed: 1.0 mph </td></tr>
<tr><td>Heading: 0.0 </td></tr>
<tr><td>Time: 2021-02-10T06:26:16Z </td></tr>
</table>
]]></description>
            <LookAt>
              <longitude>135.739755</longitude>
              <latitude>34.463460</latitude>
              <tilt>66</tilt>
            </LookAt>
            <TimeStamp>
              <when>2021-02-10T06:26:16Z</when>
            </TimeStamp>
            <styleUrl>#track</styleUrl>
            <Point>
              <coordinates>135.739755,34.463460,98.60</coordinates>
            </Point>
          </Placemark>
          <Placemark>
            <name>-141</name>
            <snippet/>
            <description><![CDATA[
<table>
<tr><td>Longitude: 135.739735 </td></tr>
<tr><td>Latitude: 34.463472 </td></tr>
<tr><td>Altitude: 326.444 ft </td></tr>
<tr><td>Speed: 0.9 mph </td></tr>
<tr><td>Heading: 305.3 </td></tr>
<tr><td>Time: 2021-02-10T06:26:17Z </td></tr>
</table>
]]></description>
            <LookAt>
              <longitude>135.739735</longitude>
              <latitude>34.463472</latitude>
              <tilt>66</tilt>
            </LookAt>
            <TimeStamp>
              <when>2021-02-10T06:26:17Z</when>
            </TimeStamp>
            <styleUrl>#track</styleUrl>
            <Point>
              <coordinates>135.739735,34.463472,99.50</coordinates>
            </Point>
          </Placemark>
          <Placemark>
            <name>-142</name>
            <snippet/>
            <description><![CDATA[
<table>
<tr><td>Longitude: 135.739735 </td></tr>
<tr><td>Latitude: 34.463473 </td></tr>
<tr><td>Altitude: 326.772 ft </td></tr>
<tr><td>Speed: 0.0 mph </td></tr>
<tr><td>Heading: 0.0 </td></tr>
<tr><td>Time: 2021-02-10T06:26:18Z </td></tr>
</table>
]]></description>
            <LookAt>
              <longitude>135.739735</longitude>
              <latitude>34.463473</latitude>
              <tilt>66</tilt>
            </LookAt>
            <TimeStamp>
              <when>2021-02-10T06:26:18Z</when>
            </TimeStamp>
            <styleUrl>#track</styleUrl>
            <Point>
              <coordinates>135.739735,34.463473,99.60</coordinates>
            </Point>
          </Placemark>
          <Placemark>
            <name>-143</name>
            <snippet/>
            <description><![CDATA[
<table>
<tr><td>Longitude: 135.739733 </td></tr>
<tr><td>Latitude: 34.463473 </td></tr>
<tr><td>Altitude: 326.772 ft </td></tr>
<tr><td>Speed: 1.0 mph </td></tr>
<tr><td>Heading: 270.0 </td></tr>
<tr><td>Time: 2021-02-10T06:26:19Z </td></tr>
</table>
]]></description>
            <LookAt>
              <longitude>135.739733</longitude>
              <latitude>34.463473</latitude>
              <tilt>66</tilt>
            </LookAt>
            <TimeStamp>
              <when>2021-02-10T06:26:19Z</when>
            </TimeStamp>
            <styleUrl>#track</styleUrl>
            <Point>
              <coordinates>135.739733,34.463473,99.60</coordinates>
            </Point>
          </Placemark>
          <Placemark>
            <name>-144</name>
            <snippet/>
            <description><![CDATA[
<table>
<tr><td>Longitude: 135.739737 </td></tr>
<tr><td>Latitude: 34.463473 </td></tr>
<tr><td>Altitude: 326.772 ft </td></tr>
<tr><td>Speed: 1.3 mph </td></tr>
<tr><td>Heading: 90.0 </td></tr>
<tr><td>Time: 2021-02-10T06:26:20Z </td></tr>
</table>
]]></description>
            <LookAt>
              <longitude>135.739737</longitude>
              <latitude>34.463473</latitude>
              <tilt>66</tilt>
            </LookAt>
            <TimeStamp>
              <when>2021-02-10T06:26:20Z</when>
            </TimeStamp>
            <styleUrl>#track</styleUrl>
            <Point>
              <coordinates>135.739737,34.463473,99.60</coordinates>
            </Point>
          </Placemark>
          <Placemark>
            <name>-145</name>
            <snippet/>
            <description><![CDATA[
<table>
<tr><td>Longitude: 135.739742 </td></tr>
<tr><td>Latitude: 34.463470 </td></tr>
<tr><td>Altitude: 325.459 ft </td></tr>
<tr><td>Speed: 1.0 mph </td></tr>
<tr><td>Heading: 129.0 </td></tr>
<tr><td>Time: 2021-02-10T06:26:21Z </td></tr>
</table>
]]></description>
            <LookAt>
              <longitude>135.739742</longitude>
              <latitude>34.463470</latitude>
              <tilt>66</tilt>
            </LookAt>
            <TimeStamp>
              <when>2021-02-10T06:26:21Z</when>
            </TimeStamp>
            <styleUrl>#track</styleUrl>
            <Point>
              <coordinates>135.739742,34.463470,99.20</coordinates>
            </Point>
          </Placemark>
          <Placemark>
            <name>-146</name>
            <snippet/>
            <description><![CDATA[
<table>
<tr><td>Longitude: 135.739743 </td></tr>
<tr><td>Latitude: 34.463467 </td></tr>
<tr><td>Altitude: 324.475 ft </td></tr>
<tr><td>Speed: 0.0 mph </td></tr>
<tr><td>Heading: 157.6 </td></tr>
<tr><td>Time: 2021-02-10T06:26:22Z </td></tr>
</table>
]]></description>
            <LookAt>
              <longitude>135.739743</longitude>
              <latitude>34.463467</latitude>
              <tilt>66</tilt>
            </LookAt>
            <TimeStamp>
              <when>2021-02-10T06:26:22Z</when>
            </TimeStamp>
            <styleUrl>#track</styleUrl>
            <Point>
              <coordinates>135.739743,34.463467,98.90</coordinates>
            </Point>
          </Placemark>
          <Placemark>
            <name>-147</name>
            <snippet/>
            <description><![CDATA[
<table>
<tr><td>Longitude: 135.739740 </td></tr>
<tr><td>Latitude: 34.463465 </td></tr>
<tr><td>Altitude: 324.475 ft </td></tr>
<tr><td>Speed: 1.3 mph </td></tr>
<tr><td>Heading: 238.8 </td></tr>
<tr><td>Time: 2021-02-10T06:26:23Z </td></tr>
</table>
]]></description>
            <LookAt>
              <longitude>135.739740</longitude>
              <latitude>34.463465</latitude>
              <tilt>66</tilt>
            </LookAt>
            <TimeStamp>
              <when>2021-02-10T06:26:23Z</when>
            </TimeStamp>
            <styleUrl>#track</styleUrl>
            <Point>
              <coordinates>135.739740,34.463465,98.90</coordinates>
            </Point>
          </Placemark>
          <Placemark>
            <name>-148</name>
            <snippet/>
            <description><![CDATA[
<table>
<tr><td>Longitude: 135.739737 </td></tr>
<tr><td>Latitude: 34.463463 </td></tr>
<tr><td>Altitude: 324.147 ft </td></tr>
<tr><td>Speed: 1.1 mph </td></tr>
<tr><td>Heading: 238.8 </td></tr>
<tr><td>Time: 2021-02-10T06:26:24Z </td></tr>
</table>
]]></description>
            <LookAt>
              <longitude>135.739737</longitude>
              <latitude>34.463463</latitude>
              <tilt>66</tilt>
            </LookAt>
            <TimeStamp>
              <when>2021-02-10T06:26:24Z</when>
            </TimeStamp>
            <styleUrl>#track</styleUrl>
            <Point>
              <coordinates>135.739737,34.463463,98.80</coordinates>
            </Point>
          </Placemark>
          <Placemark>
            <name>-149</name>
            <snippet/>
            <description><![CDATA[
<table>
<tr><td>Longitude: 135.739733 </td></tr>
<tr><td>Latitude: 34.463462 </td></tr>
<tr><td>Altitude: 323.819 ft </td></tr>
<tr><td>Speed: 0.0 mph </td></tr>
<tr><td>Heading: 238.8 </td></tr>
<tr><td>Time: 2021-02-10T06:26:25Z </td></tr>
</table>
]]></description>
            <LookAt>
              <longitude>135.739733</longitude>
              <latitude>34.463462</latitude>
              <tilt>66</tilt>
            </LookAt>
            <TimeStamp>
              <when>2021-02-10T06:26:25Z</when>
            </TimeStamp>
            <styleUrl>#track</styleUrl>
            <Point>
              <coordinates>135.739733,34.463462,98.70</coordinates>
            </Point>
          </Placemark>
          <Placemark>
            <name>-150</name>
            <snippet/>
            <description><![CDATA[
<table>
<tr><td>Longitude: 135.739733 </td></tr>
<tr><td>Latitude: 34.463465 </td></tr>
<tr><td>Altitude: 323.819 ft </td></tr>
<tr><td>Speed: 1.0 mph </td></tr>
<tr><td>Heading: 0.0 </td></tr>
<tr><td>Time: 2021-02-10T06:26:26Z </td></tr>
</table>
]]></description>
            <LookAt>
              <longitude>135.739733</longitude>
              <latitude>34.463465</latitude>
              <tilt>66</tilt>
            </LookAt>
            <TimeStamp>
              <when>2021-02-10T06:26:26Z</when>
            </TimeStamp>
            <styleUrl>#track</styleUrl>
            <Point>
              <coordinates>135.739733,34.463465,98.70</coordinates>
            </Point>
          </Placemark>
          <Placemark>
            <name>-151</name>
            <snippet/>
            <description><![CDATA[
<table>
<tr><td>Longitude: 135.739737 </td></tr>
<tr><td>Latitude: 34.463465 </td></tr>
<tr><td>Altitude: 323.491 ft </td></tr>
<tr><td>Speed: 1.7 mph </td></tr>
<tr><td>Heading: 90.0 </td></tr>
<tr><td>Time: 2021-02-10T06:26:27Z </td></tr>
</table>
]]></description>
            <LookAt>
              <longitude>135.739737</longitude>
              <latitude>34.463465</latitude>
              <tilt>66</tilt>
            </LookAt>
            <TimeStamp>
              <when>2021-02-10T06:26:27Z</when>
            </TimeStamp>
            <styleUrl>#track</styleUrl>
            <Point>
              <coordinates>135.739737,34.463465,98.60</coordinates>
            </Point>
          </Placemark>
          <Placemark>
            <name>-152</name>
            <snippet/>
            <description><![CDATA[
<table>
<tr><td>Longitude: 135.739740 </td></tr>
<tr><td>Latitude: 34.463470 </td></tr>
<tr><td>Altitude: 322.835 ft </td></tr>
<tr><td>Speed: 1.2 mph </td></tr>
<tr><td>Heading: 28.8 </td></tr>
<tr><td>Time: 2021-02-10T06:26:28Z </td></tr>
</table>
]]></description>
            <LookAt>
              <longitude>135.739740</longitude>
              <latitude>34.463470</latitude>
              <tilt>66</tilt>
            </LookAt>
            <TimeStamp>
              <when>2021-02-10T06:26:28Z</when>
            </TimeStamp>
            <styleUrl>#track</styleUrl>
            <Point>
              <coordinates>135.739740,34.463470,98.40</coordinates>
            </Point>
          </Placemark>
          <Placemark>
            <name>-153</name>
            <snippet/>
            <description><![CDATA[
<table>
<tr><td>Longitude: 135.739743 </td></tr>
<tr><td>Latitude: 34.463472 </td></tr>
<tr><td>Altitude: 322.507 ft </td></tr>
<tr><td>Speed: 0.0 mph </td></tr>
<tr><td>Heading: 58.8 </td></tr>
<tr><td>Time: 2021-02-10T06:26:29Z </td></tr>
</table>
]]></description>
            <LookAt>
              <longitude>135.739743</longitude>
              <latitude>34.463472</latitude>
              <tilt>66</tilt>
            </LookAt>
            <TimeStamp>
              <when>2021-02-10T06:26:29Z</when>
            </TimeStamp>
            <styleUrl>#track</styleUrl>
            <Point>
              <coordinates>135.739743,34.463472,98.30</coordinates>
            </Point>
          </Placemark>
          <Placemark>
            <name>-154</name>
            <snippet/>
            <description><![CDATA[
<table>
<tr><td>Longitude: 135.739747 </td></tr>
<tr><td>Latitude: 34.463472 </td></tr>
<tr><td>Altitude: 321.850 ft </td></tr>
<tr><td>Speed: 0.0 mph </td></tr>
<tr><td>Heading: 90.0 </td></tr>
<tr><td>Time: 2021-02-10T06:26:30Z </td></tr>
</table>
]]></description>
            <LookAt>
              <longitude>135.739747</longitude>
              <latitude>34.463472</latitude>
              <tilt>66</tilt>
            </LookAt>
            <TimeStamp>
              <when>2021-02-10T06:26:30Z</when>
            </TimeStamp>
            <styleUrl>#track</styleUrl>
            <Point>
              <coordinates>135.739747,34.463472,98.10</coordinates>
            </Point>
          </Placemark>
          <Placemark>
            <name>-155</name>
            <snippet/>
            <description><![CDATA[
<table>
<tr><td>Longitude: 135.739745 </td></tr>
<tr><td>Latitude: 34.463472 </td></tr>
<tr><td>Altitude: 322.507 ft </td></tr>
<tr><td>Speed: 0.0 mph </td></tr>
<tr><td>Heading: 270.0 </td></tr>
<tr><td>Time: 2021-02-10T06:26:31Z </td></tr>
</table>
]]></description>
            <LookAt>
              <longitude>135.739745</longitude>
              <latitude>34.463472</latitude>
              <tilt>66</tilt>
            </LookAt>
            <TimeStamp>
              <when>2021-02-10T06:26:31Z</when>
            </TimeStamp>
            <styleUrl>#track</styleUrl>
            <Point>
              <coordinates>135.739745,34.463472,98.30</coordinates>
            </Point>
          </Placemark>
          <Placemark>
            <name>-156</name>
            <snippet/>
            <description><![CDATA[
<table>
<tr><td>Longitude: 135.739745 </td></tr>
<tr><td>Latitude: 34.463472 </td></tr>
<tr><td>Altitude: 322.507 ft </td></tr>
<tr><td>Speed: 0.0 mph </td></tr>
<tr><td>Heading: 0.0 </td></tr>
<tr><td>Time: 2021-02-10T06:26:32Z </td></tr>
</table>
]]></description>
            <LookAt>
              <longitude>135.739745</longitude>
              <latitude>34.463472</latitude>
              <tilt>66</tilt>
            </LookAt>
            <TimeStamp>
              <when>2021-02-10T06:26:32Z</when>
            </TimeStamp>
            <styleUrl>#track</styleUrl>
            <Point>
              <coordinates>135.739745,34.463472,98.30</coordinates>
            </Point>
          </Placemark>
          <Placemark>
            <name>-157</name>
            <snippet/>
            <description><![CDATA[
<table>
<tr><td>Longitude: 135.739745 </td></tr>
<tr><td>Latitude: 34.463472 </td></tr>
<tr><td>Altitude: 322.507 ft </td></tr>
<tr><td>Speed: 0.0 mph </td></tr>
<tr><td>Heading: 0.0 </td></tr>
<tr><td>Time: 2021-02-10T06:26:33Z </td></tr>
</table>
]]></description>
            <LookAt>
              <longitude>135.739745</longitude>
              <latitude>34.463472</latitude>
              <tilt>66</tilt>
            </LookAt>
            <TimeStamp>
              <when>2021-02-10T06:26:33Z</when>
            </TimeStamp>
            <styleUrl>#track</styleUrl>
            <Point>
              <coordinates>135.739745,34.463472,98.30</coordinates>
            </Point>
          </Placemark>
          <Placemark>
            <name>-158</name>
            <snippet/>
            <description><![CDATA[
<table>
<tr><td>Longitude: 135.739745 </td></tr>
<tr><td>Latitude: 34.463472 </td></tr>
<tr><td>Altitude: 322.507 ft </td></tr>
<tr><td>Speed: 0.0 mph </td></tr>
<tr><td>Heading: 0.0 </td></tr>
<tr><td>Time: 2021-02-10T06:26:34Z </td></tr>
</table>
]]></description>
            <LookAt>
              <longitude>135.739745</longitude>
              <latitude>34.463472</latitude>
              <tilt>66</tilt>
            </LookAt>
            <TimeStamp>
              <when>2021-02-10T06:26:34Z</when>
            </TimeStamp>
            <styleUrl>#track</styleUrl>
            <Point>
              <coordinates>135.739745,34.463472,98.30</coordinates>
            </Point>
          </Placemark>
          <Placemark>
            <name>-159</name>
            <snippet/>
            <description><![CDATA[
<table>
<tr><td>Longitude: 135.739745 </td></tr>
<tr><td>Latitude: 34.463472 </td></tr>
<tr><td>Altitude: 322.507 ft </td></tr>
<tr><td>Speed: 0.0 mph </td></tr>
<tr><td>Heading: 0.0 </td></tr>
<tr><td>Time: 2021-02-10T06:26:35Z </td></tr>
</table>
]]></description>
            <LookAt>
              <longitude>135.739745</longitude>
              <latitude>34.463472</latitude>
              <tilt>66</tilt>
            </LookAt>
            <TimeStamp>
              <when>2021-02-10T06:26:35Z</when>
            </TimeStamp>
            <styleUrl>#track</styleUrl>
            <Point>
              <coordinates>135.739745,34.463472,98.30</coordinates>
            </Point>
          </Placemark>
          <Placemark>
            <name>-160</name>
            <snippet/>
            <description><![CDATA[
<table>
<tr><td>Longitude: 135.739745 </td></tr>
<tr><td>Latitude: 34.463472 </td></tr>
<tr><td>Altitude: 322.507 ft </td></tr>
<tr><td>Speed: 0.0 mph </td></tr>
<tr><td>Heading: 0.0 </td></tr>
<tr><td>Time: 2021-02-10T06:26:36Z </td></tr>
</table>
]]></description>
            <LookAt>
              <longitude>135.739745</longitude>
              <latitude>34.463472</latitude>
              <tilt>66</tilt>
            </LookAt>
            <TimeStamp>
              <when>2021-02-10T06:26:36Z</when>
            </TimeStamp>
            <styleUrl>#track</styleUrl>
            <Point>
              <coordinates>135.739745,34.463472,98.30</coordinates>
            </Point>
          </Placemark>
          <Placemark>
            <name>-161</name>
            <snippet/>
            <description><![CDATA[
<table>
<tr><td>Longitude: 135.739745 </td></tr>
<tr><td>Latitude: 34.463472 </td></tr>
<tr><td>Altitude: 322.507 ft </td></tr>
<tr><td>Speed: 0.0 mph </td></tr>
<tr><td>Heading: 0.0 </td></tr>
<tr><td>Time: 2021-02-10T06:26:37Z </td></tr>
</table>
]]></description>
            <LookAt>
              <longitude>135.739745</longitude>
              <latitude>34.463472</latitude>
              <tilt>66</tilt>
            </LookAt>
            <TimeStamp>
              <when>2021-02-10T06:26:37Z</when>
            </TimeStamp>
            <styleUrl>#track</styleUrl>
            <Point>
              <coordinates>135.739745,34.463472,98.30</coordinates>
            </Point>
          </Placemark>
          <Placemark>
            <name>-162</name>
            <snippet/>
            <description><![CDATA[
<table>
<tr><td>Longitude: 135.739745 </td></tr>
<tr><td>Latitude: 34.463472 </td></tr>
<tr><td>Altitude: 322.507 ft </td></tr>
<tr><td>Speed: 0.0 mph </td></tr>
<tr><td>Heading: 0.0 </td></tr>
<tr><td>Time: 2021-02-10T06:26:38Z </td></tr>
</table>
]]></description>
            <LookAt>
              <longitude>135.739745</longitude>
              <latitude>34.463472</latitude>
              <tilt>66</tilt>
            </LookAt>
            <TimeStamp>
              <when>2021-02-10T06:26:38Z</when>
            </TimeStamp>
            <styleUrl>#track</styleUrl>
            <Point>
              <coordinates>135.739745,34.463472,98.30</coordinates>
            </Point>
          </Placemark>
          <Placemark>
            <name>-163</name>
            <snippet/>
            <description><![CDATA[
<table>
<tr><td>Longitude: 135.739745 </td></tr>
<tr><td>Latitude: 34.463472 </td></tr>
<tr><td>Altitude: 322.507 ft </td></tr>
<tr><td>Speed: 0.0 mph </td></tr>
<tr><td>Heading: 0.0 </td></tr>
<tr><td>Time: 2021-02-10T06:26:39Z </td></tr>
</table>
]]></description>
            <LookAt>
              <longitude>135.739745</longitude>
              <latitude>34.463472</latitude>
              <tilt>66</tilt>
            </LookAt>
            <TimeStamp>
              <when>2021-02-10T06:26:39Z</when>
            </TimeStamp>
            <styleUrl>#track</styleUrl>
            <Point>
              <coordinates>135.739745,34.463472,98.30</coordinates>
            </Point>
          </Placemark>
          <Placemark>
            <name>-164</name>
            <snippet/>
            <description><![CDATA[
<table>
<tr><td>Longitude: 135.739745 </td></tr>
<tr><td>Latitude: 34.463472 </td></tr>
<tr><td>Altitude: 322.507 ft </td></tr>
<tr><td>Speed: 0.0 mph </td></tr>
<tr><td>Heading: 0.0 </td></tr>
<tr><td>Time: 2021-02-10T06:26:40Z </td></tr>
</table>
]]></description>
            <LookAt>
              <longitude>135.739745</longitude>
              <latitude>34.463472</latitude>
              <tilt>66</tilt>
            </LookAt>
            <TimeStamp>
              <when>2021-02-10T06:26:40Z</when>
            </TimeStamp>
            <styleUrl>#track</styleUrl>
            <Point>
              <coordinates>135.739745,34.463472,98.30</coordinates>
            </Point>
          </Placemark>
          <Placemark>
            <name>-165</name>
            <snippet/>
            <description><![CDATA[
<table>
<tr><td>Longitude: 135.739745 </td></tr>
<tr><td>Latitude: 34.463472 </td></tr>
<tr><td>Altitude: 322.507 ft </td></tr>
<tr><td>Speed: 0.0 mph </td></tr>
<tr><td>Heading: 0.0 </td></tr>
<tr><td>Time: 2021-02-10T06:26:41Z </td></tr>
</table>
]]></description>
            <LookAt>
              <longitude>135.739745</longitude>
              <latitude>34.463472</latitude>
              <tilt>66</tilt>
            </LookAt>
            <TimeStamp>
              <when>2021-02-10T06:26:41Z</when>
            </TimeStamp>
            <styleUrl>#track</styleUrl>
            <Point>
              <coordinates>135.739745,34.463472,98.30</coordinates>
            </Point>
          </Placemark>
          <Placemark>
            <name>-166</name>
            <snippet/>
            <description><![CDATA[
<table>
<tr><td>Longitude: 135.739745 </td></tr>
<tr><td>Latitude: 34.463472 </td></tr>
<tr><td>Altitude: 322.507 ft </td></tr>
<tr><td>Speed: 0.0 mph </td></tr>
<tr><td>Heading: 0.0 </td></tr>
<tr><td>Time: 2021-02-10T06:26:42Z </td></tr>
</table>
]]></description>
            <LookAt>
              <longitude>135.739745</longitude>
              <latitude>34.463472</latitude>
              <tilt>66</tilt>
            </LookAt>
            <TimeStamp>
              <when>2021-02-10T06:26:42Z</when>
            </TimeStamp>
            <styleUrl>#track</styleUrl>
            <Point>
              <coordinates>135.739745,34.463472,98.30</coordinates>
            </Point>
          </Placemark>
          <Placemark>
            <name>-167</name>
            <snippet/>
            <description><![CDATA[
<table>
<tr><td>Longitude: 135.739745 </td></tr>
<tr><td>Latitude: 34.463472 </td></tr>
<tr><td>Altitude: 322.507 ft </td></tr>
<tr><td>Speed: 0.0 mph </td></tr>
<tr><td>Heading: 0.0 </td></tr>
<tr><td>Time: 2021-02-10T06:26:43Z </td></tr>
</table>
]]></description>
            <LookAt>
              <longitude>135.739745</longitude>
              <latitude>34.463472</latitude>
              <tilt>66</tilt>
            </LookAt>
            <TimeStamp>
              <when>2021-02-10T06:26:43Z</when>
            </TimeStamp>
            <styleUrl>#track</styleUrl>
            <Point>
              <coordinates>135.739745,34.463472,98.30</coordinates>
            </Point>
          </Placemark>
          <Placemark>
            <name>-168</name>
            <snippet/>
            <description><![CDATA[
<table>
<tr><td>Longitude: 135.739745 </td></tr>
<tr><td>Latitude: 34.463472 </td></tr>
<tr><td>Altitude: 322.507 ft </td></tr>
<tr><td>Speed: 0.0 mph </td></tr>
<tr><td>Heading: 0.0 </td></tr>
<tr><td>Time: 2021-02-10T06:26:44Z </td></tr>
</table>
]]></description>
            <LookAt>
              <longitude>135.739745</longitude>
              <latitude>34.463472</latitude>
              <tilt>66</tilt>
            </LookAt>
            <TimeStamp>
              <when>2021-02-10T06:26:44Z</when>
            </TimeStamp>
            <styleUrl>#track</styleUrl>
            <Point>
              <coordinates>135.739745,34.463472,98.30</coordinates>
            </Point>
          </Placemark>
          <Placemark>
            <name>-169</name>
            <snippet/>
            <description><![CDATA[
<table>
<tr><td>Longitude: 135.739745 </td></tr>
<tr><td>Latitude: 34.463472 </td></tr>
<tr><td>Altitude: 322.507 ft </td></tr>
<tr><td>Speed: 0.0 mph </td></tr>
<tr><td>Heading: 0.0 </td></tr>
<tr><td>Time: 2021-02-10T06:26:45Z </td></tr>
</table>
]]></description>
            <LookAt>
              <longitude>135.739745</longitude>
              <latitude>34.463472</latitude>
              <tilt>66</tilt>
            </LookAt>
            <TimeStamp>
              <when>2021-02-10T06:26:45Z</when>
            </TimeStamp>
            <styleUrl>#track</styleUrl>
            <Point>
              <coordinates>135.739745,34.463472,98.30</coordinates>
            </Point>
          </Placemark>
          <Placemark>
            <name>-170</name>
            <snippet/>
            <description><![CDATA[
<table>
<tr><td>Longitude: 135.739745 </td></tr>
<tr><td>Latitude: 34.463472 </td></tr>
<tr><td>Altitude: 322.507 ft </td></tr>
<tr><td>Speed: 0.0 mph </td></tr>
<tr><td>Heading: 0.0 </td></tr>
<tr><td>Time: 2021-02-10T06:26:46Z </td></tr>
</table>
]]></description>
            <LookAt>
              <longitude>135.739745</longitude>
              <latitude>34.463472</latitude>
              <tilt>66</tilt>
            </LookAt>
            <TimeStamp>
              <when>2021-02-10T06:26:46Z</when>
            </TimeStamp>
            <styleUrl>#track</styleUrl>
            <Point>
              <coordinates>135.739745,34.463472,98.30</coordinates>
            </Point>
          </Placemark>
          <Placemark>
            <name>-171</name>
            <snippet/>
            <description><![CDATA[
<table>
<tr><td>Longitude: 135.739745 </td></tr>
<tr><td>Latitude: 34.463472 </td></tr>
<tr><td>Altitude: 322.507 ft </td></tr>
<tr><td>Speed: 0.0 mph </td></tr>
<tr><td>Heading: 0.0 </td></tr>
<tr><td>Time: 2021-02-10T06:26:47Z </td></tr>
</table>
]]></description>
            <LookAt>
              <longitude>135.739745</longitude>
              <latitude>34.463472</latitude>
              <tilt>66</tilt>
            </LookAt>
            <TimeStamp>
              <when>2021-02-10T06:26:47Z</when>
            </TimeStamp>
            <styleUrl>#track</styleUrl>
            <Point>
              <coordinates>135.739745,34.463472,98.30</coordinates>
            </Point>
          </Placemark>
          <Placemark>
            <name>-172</name>
            <snippet/>
            <description><![CDATA[
<table>
<tr><td>Longitude: 135.739745 </td></tr>
<tr><td>Latitude: 34.463472 </td></tr>
<tr><td>Altitude: 322.507 ft </td></tr>
<tr><td>Speed: 0.0 mph </td></tr>
<tr><td>Heading: 0.0 </td></tr>
<tr><td>Time: 2021-02-10T06:26:48Z </td></tr>
</table>
]]></description>
            <LookAt>
              <longitude>135.739745</longitude>
              <latitude>34.463472</latitude>
              <tilt>66</tilt>
            </LookAt>
            <TimeStamp>
              <when>2021-02-10T06:26:48Z</when>
            </TimeStamp>
            <styleUrl>#track</styleUrl>
            <Point>
              <coordinates>135.739745,34.463472,98.30</coordinates>
            </Point>
          </Placemark>
          <Placemark>
            <name>-173</name>
            <snippet/>
            <description><![CDATA[
<table>
<tr><td>Longitude: 135.739745 </td></tr>
<tr><td>Latitude: 34.463472 </td></tr>
<tr><td>Altitude: 322.507 ft </td></tr>
<tr><td>Speed: 0.0 mph </td></tr>
<tr><td>Heading: 0.0 </td></tr>
<tr><td>Time: 2021-02-10T06:26:49Z </td></tr>
</table>
]]></description>
            <LookAt>
              <longitude>135.739745</longitude>
              <latitude>34.463472</latitude>
              <tilt>66</tilt>
            </LookAt>
            <TimeStamp>
              <when>2021-02-10T06:26:49Z</when>
            </TimeStamp>
            <styleUrl>#track</styleUrl>
            <Point>
              <coordinates>135.739745,34.463472,98.30</coordinates>
            </Point>
          </Placemark>
          <Placemark>
            <name>-174</name>
            <snippet/>
            <description><![CDATA[
<table>
<tr><td>Longitude: 135.739745 </td></tr>
<tr><td>Latitude: 34.463472 </td></tr>
<tr><td>Altitude: 322.507 ft </td></tr>
<tr><td>Speed: 0.0 mph </td></tr>
<tr><td>Heading: 0.0 </td></tr>
<tr><td>Time: 2021-02-10T06:26:50Z </td></tr>
</table>
]]></description>
            <LookAt>
              <longitude>135.739745</longitude>
              <latitude>34.463472</latitude>
              <tilt>66</tilt>
            </LookAt>
            <TimeStamp>
              <when>2021-02-10T06:26:50Z</when>
            </TimeStamp>
            <styleUrl>#track</styleUrl>
            <Point>
              <coordinates>135.739745,34.463472,98.30</coordinates>
            </Point>
          </Placemark>
          <Placemark>
            <name>-175</name>
            <snippet/>
            <description><![CDATA[
<table>
<tr><td>Longitude: 135.739745 </td></tr>
<tr><td>Latitude: 34.463472 </td></tr>
<tr><td>Altitude: 322.507 ft </td></tr>
<tr><td>Speed: 0.0 mph </td></tr>
<tr><td>Heading: 0.0 </td></tr>
<tr><td>Time: 2021-02-10T06:26:51Z </td></tr>
</table>
]]></description>
            <LookAt>
              <longitude>135.739745</longitude>
              <latitude>34.463472</latitude>
              <tilt>66</tilt>
            </LookAt>
            <TimeStamp>
              <when>2021-02-10T06:26:51Z</when>
            </TimeStamp>
            <styleUrl>#track</styleUrl>
            <Point>
              <coordinates>135.739745,34.463472,98.30</coordinates>
            </Point>
          </Placemark>
          <Placemark>
            <name>-176</name>
            <snippet/>
            <description><![CDATA[
<table>
<tr><td>Longitude: 135.739745 </td></tr>
<tr><td>Latitude: 34.463472 </td></tr>
<tr><td>Altitude: 322.507 ft </td></tr>
<tr><td>Speed: 0.0 mph </td></tr>
<tr><td>Heading: 0.0 </td></tr>
<tr><td>Time: 2021-02-10T06:26:52Z </td></tr>
</table>
]]></description>
            <LookAt>
              <longitude>135.739745</longitude>
              <latitude>34.463472</latitude>
              <tilt>66</tilt>
            </LookAt>
            <TimeStamp>
              <when>2021-02-10T06:26:52Z</when>
            </TimeStamp>
            <styleUrl>#track</styleUrl>
            <Point>
              <coordinates>135.739745,34.463472,98.30</coordinates>
            </Point>
          </Placemark>
          <Placemark>
            <name>-177</name>
            <snippet/>
            <description><![CDATA[
<table>
<tr><td>Longitude: 135.739745 </td></tr>
<tr><td>Latitude: 34.463472 </td></tr>
<tr><td>Altitude: 322.507 ft </td></tr>
<tr><td>Speed: 0.0 mph </td></tr>
<tr><td>Heading: 0.0 </td></tr>
<tr><td>Time: 2021-02-10T06:26:53Z </td></tr>
</table>
]]></description>
            <LookAt>
              <longitude>135.739745</longitude>
              <latitude>34.463472</latitude>
              <tilt>66</tilt>
            </LookAt>
            <TimeStamp>
              <when>2021-02-10T06:26:53Z</when>
            </TimeStamp>
            <styleUrl>#track</styleUrl>
            <Point>
              <coordinates>135.739745,34.463472,98.30</coordinates>
            </Point>
          </Placemark>
          <Placemark>
            <name>-178</name>
            <snippet/>
            <description><![CDATA[
<table>
<tr><td>Longitude: 135.739745 </td></tr>
<tr><td>Latitude: 34.463472 </td></tr>
<tr><td>Altitude: 322.507 ft </td></tr>
<tr><td>Speed: 0.0 mph </td></tr>
<tr><td>Heading: 0.0 </td></tr>
<tr><td>Time: 2021-02-10T06:26:54Z </td></tr>
</table>
]]></description>
            <LookAt>
              <longitude>135.739745</longitude>
              <latitude>34.463472</latitude>
              <tilt>66</tilt>
            </LookAt>
            <TimeStamp>
              <when>2021-02-10T06:26:54Z</when>
            </TimeStamp>
            <styleUrl>#track</styleUrl>
            <Point>
              <coordinates>135.739745,34.463472,98.30</coordinates>
            </Point>
          </Placemark>
          <Placemark>
            <name>-179</name>
            <snippet/>
            <description><![CDATA[
<table>
<tr><td>Longitude: 135.739745 </td></tr>
<tr><td>Latitude: 34.463472 </td></tr>
<tr><td>Altitude: 322.507 ft </td></tr>
<tr><td>Speed: 0.0 mph </td></tr>
<tr><td>Heading: 0.0 </td></tr>
<tr><td>Time: 2021-02-10T06:26:55Z </td></tr>
</table>
]]></description>
            <LookAt>
              <longitude>135.739745</longitude>
              <latitude>34.463472</latitude>
              <tilt>66</tilt>
            </LookAt>
            <TimeStamp>
              <when>2021-02-10T06:26:55Z</when>
            </TimeStamp>
            <styleUrl>#track</styleUrl>
            <Point>
              <coordinates>135.739745,34.463472,98.30</coordinates>
            </Point>
          </Placemark>
          <Placemark>
            <name>-180</name>
            <snippet/>
            <description><![CDATA[
<table>
<tr><td>Longitude: 135.739745 </td></tr>
<tr><td>Latitude: 34.463472 </td></tr>
<tr><td>Altitude: 322.507 ft </td></tr>
<tr><td>Speed: 0.0 mph </td></tr>
<tr><td>Heading: 0.0 </td></tr>
<tr><td>Time: 2021-02-10T06:26:56Z </td></tr>
</table>
]]></description>
            <LookAt>
              <longitude>135.739745</longitude>
              <latitude>34.463472</latitude>
              <tilt>66</tilt>
            </LookAt>
            <TimeStamp>
              <when>2021-02-10T06:26:56Z</when>
            </TimeStamp>
            <styleUrl>#track</styleUrl>
            <Point>
              <coordinates>135.739745,34.463472,98.30</coordinates>
            </Point>
          </Placemark>
          <Placemark>
            <name>-181</name>
            <snippet/>
            <description><![CDATA[
<table>
<tr><td>Longitude: 135.739745 </td></tr>
<tr><td>Latitude: 34.463472 </td></tr>
<tr><td>Altitude: 322.507 ft </td></tr>
<tr><td>Speed: 0.0 mph </td></tr>
<tr><td>Heading: 0.0 </td></tr>
<tr><td>Time: 2021-02-10T06:26:57Z </td></tr>
</table>
]]></description>
            <LookAt>
              <longitude>135.739745</longitude>
              <latitude>34.463472</latitude>
              <tilt>66</tilt>
            </LookAt>
            <TimeStamp>
              <when>2021-02-10T06:26:57Z</when>
            </TimeStamp>
            <styleUrl>#track</styleUrl>
            <Point>
              <coordinates>135.739745,34.463472,98.30</coordinates>
            </Point>
          </Placemark>
          <Placemark>
            <name>-182</name>
            <snippet/>
            <description><![CDATA[
<table>
<tr><td>Longitude: 135.739745 </td></tr>
<tr><td>Latitude: 34.463472 </td></tr>
<tr><td>Altitude: 322.507 ft </td></tr>
<tr><td>Speed: 0.0 mph </td></tr>
<tr><td>Heading: 0.0 </td></tr>
<tr><td>Time: 2021-02-10T06:26:58Z </td></tr>
</table>
]]></description>
            <LookAt>
              <longitude>135.739745</longitude>
              <latitude>34.463472</latitude>
              <tilt>66</tilt>
            </LookAt>
            <TimeStamp>
              <when>2021-02-10T06:26:58Z</when>
            </TimeStamp>
            <styleUrl>#track</styleUrl>
            <Point>
              <coordinates>135.739745,34.463472,98.30</coordinates>
            </Point>
          </Placemark>
          <Placemark>
            <name>-183</name>
            <snippet/>
            <description><![CDATA[
<table>
<tr><td>Longitude: 135.739745 </td></tr>
<tr><td>Latitude: 34.463472 </td></tr>
<tr><td>Altitude: 322.507 ft </td></tr>
<tr><td>Speed: 0.0 mph </td></tr>
<tr><td>Heading: 0.0 </td></tr>
<tr><td>Time: 2021-02-10T06:26:59Z </td></tr>
</table>
]]></description>
            <LookAt>
              <longitude>135.739745</longitude>
              <latitude>34.463472</latitude>
              <tilt>66</tilt>
            </LookAt>
            <TimeStamp>
              <when>2021-02-10T06:26:59Z</when>
            </TimeStamp>
            <styleUrl>#track</styleUrl>
            <Point>
              <coordinates>135.739745,34.463472,98.30</coordinates>
            </Point>
          </Placemark>
          <Placemark>
            <name>-184</name>
            <snippet/>
            <description><![CDATA[
<table>
<tr><td>Longitude: 135.739745 </td></tr>
<tr><td>Latitude: 34.463472 </td></tr>
<tr><td>Altitude: 322.507 ft </td></tr>
<tr><td>Speed: 0.0 mph </td></tr>
<tr><td>Heading: 0.0 </td></tr>
<tr><td>Time: 2021-02-10T06:27:00Z </td></tr>
</table>
]]></description>
            <LookAt>
              <longitude>135.739745</longitude>
              <latitude>34.463472</latitude>
              <tilt>66</tilt>
            </LookAt>
            <TimeStamp>
              <when>2021-02-10T06:27:00Z</when>
            </TimeStamp>
            <styleUrl>#track</styleUrl>
            <Point>
              <coordinates>135.739745,34.463472,98.30</coordinates>
            </Point>
          </Placemark>
          <Placemark>
            <name>-185</name>
            <snippet/>
            <description><![CDATA[
<table>
<tr><td>Longitude: 135.739745 </td></tr>
<tr><td>Latitude: 34.463472 </td></tr>
<tr><td>Altitude: 322.507 ft </td></tr>
<tr><td>Speed: 0.0 mph </td></tr>
<tr><td>Heading: 0.0 </td></tr>
<tr><td>Time: 2021-02-10T06:27:01Z </td></tr>
</table>
]]></description>
            <LookAt>
              <longitude>135.739745</longitude>
              <latitude>34.463472</latitude>
              <tilt>66</tilt>
            </LookAt>
            <TimeStamp>
              <when>2021-02-10T06:27:01Z</when>
            </TimeStamp>
            <styleUrl>#track</styleUrl>
            <Point>
              <coordinates>135.739745,34.463472,98.30</coordinates>
            </Point>
          </Placemark>
          <Placemark>
            <name>-186</name>
            <snippet/>
            <description><![CDATA[
<table>
<tr><td>Longitude: 135.739745 </td></tr>
<tr><td>Latitude: 34.463472 </td></tr>
<tr><td>Altitude: 322.507 ft </td></tr>
<tr><td>Speed: 0.0 mph </td></tr>
<tr><td>Heading: 0.0 </td></tr>
<tr><td>Time: 2021-02-10T06:27:02Z </td></tr>
</table>
]]></description>
            <LookAt>
              <longitude>135.739745</longitude>
              <latitude>34.463472</latitude>
              <tilt>66</tilt>
            </LookAt>
            <TimeStamp>
              <when>2021-02-10T06:27:02Z</when>
            </TimeStamp>
            <styleUrl>#track</styleUrl>
            <Point>
              <coordinates>135.739745,34.463472,98.30</coordinates>
            </Point>
          </Placemark>
          <Placemark>
            <name>-187</name>
            <snippet/>
            <description><![CDATA[
<table>
<tr><td>Longitude: 135.739745 </td></tr>
<tr><td>Latitude: 34.463472 </td></tr>
<tr><td>Altitude: 322.507 ft </td></tr>
<tr><td>Speed: 0.0 mph </td></tr>
<tr><td>Heading: 0.0 </td></tr>
<tr><td>Time: 2021-02-10T06:27:03Z </td></tr>
</table>
]]></description>
            <LookAt>
              <longitude>135.739745</longitude>
              <latitude>34.463472</latitude>
              <tilt>66</tilt>
            </LookAt>
            <TimeStamp>
              <when>2021-02-10T06:27:03Z</when>
            </TimeStamp>
            <styleUrl>#track</styleUrl>
            <Point>
              <coordinates>135.739745,34.463472,98.30</coordinates>
            </Point>
          </Placemark>
          <Placemark>
            <name>-188</name>
            <snippet/>
            <description><![CDATA[
<table>
<tr><td>Longitude: 135.739745 </td></tr>
<tr><td>Latitude: 34.463472 </td></tr>
<tr><td>Altitude: 322.507 ft </td></tr>
<tr><td>Speed: 0.0 mph </td></tr>
<tr><td>Heading: 0.0 </td></tr>
<tr><td>Time: 2021-02-10T06:27:04Z </td></tr>
</table>
]]></description>
            <LookAt>
              <longitude>135.739745</longitude>
              <latitude>34.463472</latitude>
              <tilt>66</tilt>
            </LookAt>
            <TimeStamp>
              <when>2021-02-10T06:27:04Z</when>
            </TimeStamp>
            <styleUrl>#track</styleUrl>
            <Point>
              <coordinates>135.739745,34.463472,98.30</coordinates>
            </Point>
          </Placemark>
          <Placemark>
            <name>-189</name>
            <snippet/>
            <description><![CDATA[
<table>
<tr><td>Longitude: 135.739745 </td></tr>
<tr><td>Latitude: 34.463472 </td></tr>
<tr><td>Altitude: 322.507 ft </td></tr>
<tr><td>Speed: 0.0 mph </td></tr>
<tr><td>Heading: 0.0 </td></tr>
<tr><td>Time: 2021-02-10T06:27:05Z </td></tr>
</table>
]]></description>
            <LookAt>
              <longitude>135.739745</longitude>
              <latitude>34.463472</latitude>
              <tilt>66</tilt>
            </LookAt>
            <TimeStamp>
              <when>2021-02-10T06:27:05Z</when>
            </TimeStamp>
            <styleUrl>#track</styleUrl>
            <Point>
              <coordinates>135.739745,34.463472,98.30</coordinates>
            </Point>
          </Placemark>
          <Placemark>
            <name>-190</name>
            <snippet/>
            <description><![CDATA[
<table>
<tr><td>Longitude: 135.739745 </td></tr>
<tr><td>Latitude: 34.463472 </td></tr>
<tr><td>Altitude: 322.507 ft </td></tr>
<tr><td>Speed: 0.0 mph </td></tr>
<tr><td>Heading: 0.0 </td></tr>
<tr><td>Time: 2021-02-10T06:27:06Z </td></tr>
</table>
]]></description>
            <LookAt>
              <longitude>135.739745</longitude>
              <latitude>34.463472</latitude>
              <tilt>66</tilt>
            </LookAt>
            <TimeStamp>
              <when>2021-02-10T06:27:06Z</when>
            </TimeStamp>
            <styleUrl>#track</styleUrl>
            <Point>
              <coordinates>135.739745,34.463472,98.30</coordinates>
            </Point>
          </Placemark>
          <Placemark>
            <name>-191</name>
            <snippet/>
            <description><![CDATA[
<table>
<tr><td>Longitude: 135.739745 </td></tr>
<tr><td>Latitude: 34.463472 </td></tr>
<tr><td>Altitude: 322.507 ft </td></tr>
<tr><td>Speed: 0.0 mph </td></tr>
<tr><td>Heading: 0.0 </td></tr>
<tr><td>Time: 2021-02-10T06:27:07Z </td></tr>
</table>
]]></description>
            <LookAt>
              <longitude>135.739745</longitude>
              <latitude>34.463472</latitude>
              <tilt>66</tilt>
            </LookAt>
            <TimeStamp>
              <when>2021-02-10T06:27:07Z</when>
            </TimeStamp>
            <styleUrl>#track</styleUrl>
            <Point>
              <coordinates>135.739745,34.463472,98.30</coordinates>
            </Point>
          </Placemark>
          <Placemark>
            <name>-192</name>
            <snippet/>
            <description><![CDATA[
<table>
<tr><td>Longitude: 135.739745 </td></tr>
<tr><td>Latitude: 34.463472 </td></tr>
<tr><td>Altitude: 322.507 ft </td></tr>
<tr><td>Speed: 0.0 mph </td></tr>
<tr><td>Heading: 0.0 </td></tr>
<tr><td>Time: 2021-02-10T06:27:08Z </td></tr>
</table>
]]></description>
            <LookAt>
              <longitude>135.739745</longitude>
              <latitude>34.463472</latitude>
              <tilt>66</tilt>
            </LookAt>
            <TimeStamp>
              <when>2021-02-10T06:27:08Z</when>
            </TimeStamp>
            <styleUrl>#track</styleUrl>
            <Point>
              <coordinates>135.739745,34.463472,98.30</coordinates>
            </Point>
          </Placemark>
          <Placemark>
            <name>-193</name>
            <snippet/>
            <description><![CDATA[
<table>
<tr><td>Longitude: 135.739745 </td></tr>
<tr><td>Latitude: 34.463472 </td></tr>
<tr><td>Altitude: 322.507 ft </td></tr>
<tr><td>Speed: 0.0 mph </td></tr>
<tr><td>Heading: 0.0 </td></tr>
<tr><td>Time: 2021-02-10T06:27:09Z </td></tr>
</table>
]]></description>
            <LookAt>
              <longitude>135.739745</longitude>
              <latitude>34.463472</latitude>
              <tilt>66</tilt>
            </LookAt>
            <TimeStamp>
              <when>2021-02-10T06:27:09Z</when>
            </TimeStamp>
            <styleUrl>#track</styleUrl>
            <Point>
              <coordinates>135.739745,34.463472,98.30</coordinates>
            </Point>
          </Placemark>
        </Folder>
        <Placemark>
          <name>Path</name>
          <styleUrl>#lineStyle</styleUrl>
          <LineString>
            <tessellate>1</tessellate>
            <coordinates>
135.739848,34.463382,92.60
135.739833,34.463377,92.20
135.739830,34.463370,91.80
135.739827,34.463358,92.30
135.739818,34.463367,93.10
135.739787,34.463450,96.60
135.739787,34.463452,96.50
135.739787,34.463457,96.60
135.739787,34.463457,96.70
135.739787,34.463457,97.00
135.739785,34.463457,97.00
135.739787,34.463457,96.90
135.739787,34.463457,97.10
135.739785,34.463457,97.10
135.739785,34.463457,97.10
135.739785,34.463457,97.20
135.739785,34.463457,97.20
135.739785,34.463457,97.30
135.739783,34.463457,97.30
135.739783,34.463457,97.40
135.739783,34.463457,97.40
135.739782,34.463458,97.40
135.739782,34.463458,97.40
135.739780,34.463460,97.50
135.739778,34.463462,97.50
135.739778,34.463457,97.60
135.739780,34.463460,97.60
135.739780,34.463460,97.60
135.739780,34.463460,97.60
135.739780,34.463460,97.60
135.739780,34.463460,97.60
135.739780,34.463460,97.60
135.739780,34.463460,97.60
135.739780,34.463460,97.60
135.739780,34.463460,97.60
135.739780,34.463460,97.60
135.739780,34.463460,97.60
135.739780,34.463460,97.60
135.739780,34.463460,97.60
135.739780,34.463460,97.60
135.739780,34.463460,97.60
135.739780,34.463460,97.60
135.739780,34.463460,97.60
135.739780,34.463460,97.60
135.739780,34.463460,97.60
135.739780,34.463460,97.60
135.739780,34.463460,97.60
135.739780,34.463460,97.60
135.739780,34.463460,97.60
135.739780,34.463460,97.60
135.739780,34.463460,97.60
135.739780,34.463460,97.60
135.739780,34.463460,97.60
135.739780,34.463460,97.60
135.739780,34.463460,97.60
135.739780,34.463460,97.60
135.739780,34.463460,97.60
135.739780,34.463460,97.60
135.739780,34.463460,97.60
135.739780,34.463460,97.60
135.739780,34.463460,97.60
135.739780,34.463460,97.60
135.739780,34.463460,97.60
135.739780,34.463460,97.60
135.739780,34.463460,97.60
135.739780,34.463460,97.60
135.739780,34.463460,97.60
135.739780,34.463460,97.60
135.739780,34.463460,97.60
135.739780,34.463460,97.60
135.739755,34.463458,98.70
135.739757,34.463460,98.60
135.739755,34.463460,98.60
135.739755,34.463460,98.60
135.739755,34.463460,98.60
135.739755,34.463460,98.60
135.739755,34.463460,98.60
135.739755,34.463460,98.60
135.739755,34.463460,98.60
135.739755,34.463460,98.60
135.739755,34.463460,98.60
135.739755,34.463460,98.60
135.739755,34.463460,98.60
135.739755,34.463460,98.60
135.739755,34.463460,98.60
135.739755,34.463460,98.60
135.739755,34.463460,98.60
135.739755,34.463460,98.60
135.739755,34.463460,98.60
135.739755,34.463460,98.60
135.739755,34.463460,98.60
135.739755,34.463460,98.60
135.739755,34.463460,98.60
135.739755,34.463460,98.60
135.739755,34.463460,98.60
135.739755,34.463460,98.60
135.739755,34.463460,98.60
135.739755,34.463460,98.60
135.739755,34.463460,98.60
135.739755,34.463460,98.60
135.739755,34.463460,98.60
135.739755,34.463460,98.60
135.739755,34.463460,98.60
135.739755,34.463460,98.60
135.739755,34.463460,98.60
135.739755,34.463460,98.60
135.739755,34.463460,98.60
135.739755,34.463460,98.60
135.739755,34.463460,98.60
135.739755,34.463460,98.60
135.739755,34.463460,98.60
135.739755,34.463460,98.60
135.739755,34.463460,98.60
135.739755,34.463460,98.60
135.739755,34.463460,98.60
135.739755,34.463460,98.60
135.739755,34.463460,98.60
135.739755,34.463460,98.60
135.739755,34.463460,98.60
135.739755,34.463460,98.60
135.739755,34.463460,98.60
135.739755,34.463460,98.60
135.739755,34.463460,98.60
135.739755,34.463460,98.60
135.739755,34.463460,98.60
135.739755,34.463460,98.60
135.739755,34.463460,98.60
135.739755,34.463460,98.60
135.739755,34.463460,98.60
135.739755,34.463460,98.60
135.739755,34.463460,98.60
135.739755,34.463460,98.60
135.739755,34.463460,98.60
135.739755,34.463460,98.60
135.739755,34.463460,98.60
135.739755,34.463460,98.60
135.739755,34.463460,98.60
135.739755,34.463460,98.60
135.739755,34.463460,98.60
135.739755,34.463460,98.60
135.739755,34.463460,98.60
135.739735,34.463472,99.50
135.739735,34.463473,99.60
135.739733,34.463473,99.60
135.739737,34.463473,99.60
135.739742,34.463470,99.20
135.739743,34.463467,98.90
135.739740,34.463465,98.90
135.739737,34.463463,98.80
135.739733,34.463462,98.70
135.739733,34.463465,98.70
135.739737,34.463465,98.60
135.739740,34.463470,98.40
135.739743,34.463472,98.30
135.739747,34.463472,98.10
135.739745,34.463472,98.30
135.739745,34.463472,98.30
135.739745,34.463472,98.30
135.739745,34.463472,98.30
135.739745,34.463472,98.30
135.739745,34.463472,98.30
135.739745,34.463472,98.30
135.739745,34.463472,98.30
135.739745,34.463472,98.30
135.739745,34.463472,98.30
135.739745,34.463472,98.30
135.739745,34.463472,98.30
135.739745,34.463472,98.30
135.739745,34.463472,98.30
135.739745,34.463472,98.30
135.739745,34.463472,98.30
135.739745,34.463472,98.30
135.739745,34.463472,98.30
135.739745,34.463472,98.30
135.739745,34.463472,98.30
135.739745,34.463472,98.30
135.739745,34.463472,98.30
135.739745,34.463472,98.30
135.739745,34.463472,98.30
135.739745,34.463472,98.30
135.739745,34.463472,98.30
135.739745,34.463472,98.30
135.739745,34.463472,98.30
135.739745,34.463472,98.30
135.739745,34.463472,98.30
135.739745,34.463472,98.30
135.739745,34.463472,98.30
135.739745,34.463472,98.30
135.739745,34.463472,98.30
135.739745,34.463472,98.30
135.739745,34.463472,98.30
135.739745,34.463472,98.30
135.739745,34.463472,98.30
135.739745,34.463472,98.30
</coordinates>
          </LineString>
        </Placemark>
      </Folder>
    </Folder>
  </Document>
</kml>
